Name,Genus-4D
3_1,1
4_1,1
5_1,2
5_2,1
6_1,0
6_2,1
6_3,1
7_1,3
7_2,1
7_3,2
7_4,1
7_5,2
7_6,1
7_7,1
8_1,1
8_2,2
8_3,1
8_4,1
8_5,2
8_6,1
8_7,1
8_8,0
8_9,0
8_10,1
8_11,1
8_13,1
8_14,1
8_15,2
8_16,1
8_17,1
8_18,1
8_19,3
8_20,0
8_21,1
9_1,4
9_2,1
9_3,3
9_4,2
9_5,1
9_6,3
9_7,2
9_8,1
9_9,3
9_10,2
9_11,2
9_12,1
9_13,2
9_14,1
9_15,1
9_16,3
9_18,2
9_19,1
9_20,2
9_21,1
9_22,1
9_23,2
9_24,1
9_25,1
9_26,1
9_27,0
9_28,1
9_29,1
9_30,1
9_31,1
9_32,1
9_33,1
9_34,1
9_35,1
9_36,2
9_37,1
9_38,2
9_39,1
9_40,1
9_41,0
9_42,1
9_44,1
9_45,1
9_46,0
9_47,1
9_48,1
9_49,2
10_1,1
10_2,3
10_3,0
10_4,1
10_5,2
10_6,2
10_7,1
10_8,2
10_9,1
10_10,1
10_11,1
10_12,1
10_13,1
10_14,2
10_15,1
10_16,1
10_17,1
10_18,1
10_19,1
10_21,2
10_22,0
10_23,1
10_24,1
10_25,2
10_26,1
10_27,1
10_28,1
10_29,1
10_30,1
10_31,1
10_32,1
10_33,1
10_34,1
10_35,0
10_36,1
10_37,1
10_38,1
10_39,2
10_40,1
10_41,1
10_42,0
10_43,1
10_44,1
10_45,1
10_47,2
10_48,0
10_49,3
10_50,2
10_51,1
10_52,1
10_53,2
10_54,1
10_55,2
10_56,2
10_57,1
10_58,1
10_59,1
10_60,1
10_61,2
10_62,2
10_63,2
10_64,1
10_65,1
10_66,3
10_67,1
10_68,1
10_69,1
10_70,1
10_71,1
10_73,1
10_74,1
10_75,0
10_76,2
10_77,1
10_78,2
10_79,1
10_80,3
10_81,1
10_82,1
10_83,1
10_84,1
10_85,2
10_86,1
10_87,0
10_88,1
10_89,1
10_90,1
10_91,1
10_92,2
10_93,1
10_94,1
10_95,1
10_96,1
10_97,1
10_99,0
10_100,2
10_101,2
10_102,1
10_103,1
10_104,1
10_105,1
10_106,1
10_107,1
10_108,1
10_109,1
10_110,1
10_111,2
10_112,1
10_113,1
10_114,1
10_115,1
10_116,1
10_117,1
10_118,1
10_119,1
10_120,2
10_121,1
10_122,1
10_123,0
10_125,1
10_126,1
10_127,2
10_128,3
10_129,0
10_130,1
10_131,1
10_132,1
10_133,1
10_134,3
10_135,1
10_136,1
10_137,0
10_138,1
10_139,4
10_140,0
10_141,1
10_142,3
10_143,1
10_144,1
10_145,2
10_146,1
10_147,1
10_148,1
10_149,2
10_151,1
10_152,4
10_153,0
10_154,3
10_155,0
10_156,1
10_157,2
10_158,1
10_159,1
10_160,2
10_161,3
10_162,1
10_163,1
10_164,1
10_165,1
11a_1,1
11a_2,2
11a_3,1
11a_4,1
11a_5,1
11a_6,1
11a_7,1
11a_8,1
11a_9,2
11a_10,1
11a_12,1
11a_13,1
11a_14,1
11a_15,1
11a_16,1
11a_17,1
11a_18,1
11a_19,1
11a_20,2
11a_21,1
11a_22,2
11a_23,1
11a_24,1
11a_25,1
11a_26,1
11a_27,1
11a_28,0
11a_29,1
11a_30,1
11a_31,2
11a_32,1
11a_33,1
11a_34,1
11a_35,0
11a_36,0
11a_38,1
11a_39,1
11a_40,2
11a_41,1
11a_42,1
11a_43,3
11a_44,1
11a_45,1
11a_46,1
11a_47,1
11a_48,2
11a_49,2
11a_50,1
11a_51,1
11a_52,1
11a_53,2
11a_54,1
11a_55,1
11a_56,1
11a_57,1
11a_58,0
11a_59,1
11a_60,2
11a_61,1
11a_62,3
11a_64,2
11a_65,1
11a_66,1
11a_67,1
11a_68,1
11a_69,1
11a_70,1
11a_71,1
11a_72,1
11a_73,1
11a_74,2
11a_75,1
11a_76,1
11a_77,1
11a_78,1
11a_79,1
11a_80,1
11a_81,1
11a_82,1
11a_83,2
11a_84,1
11a_85,1
11a_86,1
11a_87,0
11a_88,1
11a_90,1
11a_91,1
11a_92,1
11a_93,1
11a_94,3
11a_95,2
11a_96,0
11a_97,1
11a_98,1
11a_99,1
11a_100,2
11a_101,1
11a_102,1
11a_103,0
11a_104,1
11a_105,2
11a_106,1
11a_107,1
11a_108,1
11a_109,1
11a_110,1
11a_111,1
11a_112,1
11a_113,2
11a_114,1
11a_116,2
11a_117,2
11a_118,1
11a_119,1
11a_120,2
11a_121,1
11a_122,1
11a_123,2
11a_124,3
11a_125,1
11a_126,1
11a_127,2
11a_128,1
11a_129,2
11a_130,1
11a_131,1
11a_132,1
11a_133,1
11a_134,1
11a_135,1
11a_136,1
11a_137,1
11a_138,1
11a_139,1
11a_140,2
11a_142,3
11a_143,2
11a_144,2
11a_145,1
11a_146,1
11a_147,1
11a_148,1
11a_149,1
11a_150,2
11a_151,1
11a_152,1
11a_153,1
11a_154,1
11a_155,1
11a_156,1
11a_157,1
11a_158,1
11a_159,1
11a_160,1
11a_161,2
11a_162,1
11a_163,1
11a_164,0
11a_165,0
11a_166,1
11a_168,1
11a_169,0
11a_170,1
11a_171,1
11a_172,1
11a_173,1
11a_174,1
11a_175,1
11a_176,1
11a_177,2
11a_178,1
11a_179,2
11a_180,1
11a_181,1
11a_182,2
11a_183,1
11a_184,1
11a_185,1
11a_186,3
11a_187,1
11a_188,1
11a_189,1
11a_190,1
11a_191,3
11a_192,2
11a_194,2
11a_195,1
11a_196,1
11a_197,1
11a_198,1
11a_199,1
11a_200,2
11a_201,0
11a_202,1
11a_203,3
11a_204,2
11a_205,1
11a_206,3
11a_207,2
11a_208,2
11a_209,1
11a_210,1
11a_211,2
11a_212,2
11a_213,2
11a_214,1
11a_215,2
11a_216,1
11a_217,1
11a_218,1
11a_220,2
11a_221,1
11a_222,1
11a_223,3
11a_224,2
11a_225,2
11a_226,1
11a_227,3
11a_228,1
11a_229,1
11a_230,1
11a_231,1
11a_232,1
11a_233,1
11a_234,4
11a_235,3
11a_236,3
11a_237,2
11a_238,2
11a_239,1
11a_240,4
11a_241,3
11a_242,3
11a_243,2
11a_244,3
11a_246,2
11a_247,1
11a_248,1
11a_249,1
11a_250,2
11a_251,1
11a_252,1
11a_253,1
11a_254,1
11a_255,1
11a_256,1
11a_257,1
11a_258,1
11a_259,3
11a_260,2
11a_261,2
11a_262,1
11a_263,4
11a_264,1
11a_265,1
11a_266,1
11a_267,1
11a_268,1
11a_269,1
11a_270,1
11a_272,1
11a_273,1
11a_274,1
11a_275,2
11a_276,2
11a_277,1
11a_278,1
11a_279,1
11a_280,1
11a_281,1
11a_282,1
11a_283,1
11a_284,1
11a_285,1
11a_286,1
11a_287,1
11a_288,1
11a_289,1
11a_290,1
11a_291,3
11a_292,2
11a_293,2
11a_294,1
11a_295,2
11a_296,1
11a_298,3
11a_299,2
11a_300,1
11a_301,1
11a_302,2
11a_303,1
11a_304,2
11a_305,1
11a_306,2
11a_307,1
11a_308,3
11a_309,2
11a_310,2
11a_311,1
11a_312,1
11a_313,1
11a_314,1
11a_315,1
11a_316,0
11a_317,1
11a_318,3
11a_319,3
11a_320,2
11a_321,2
11a_322,1
11a_324,1
11a_325,1
11a_326,0
11a_327,1
11a_328,2
11a_329,2
11a_330,2
11a_331,1
11a_332,1
11a_333,1
11a_334,4
11a_335,3
11a_336,3
11a_337,2
11a_338,4
11a_339,3
11a_340,3
11a_341,2
11a_342,2
11a_343,1
11a_344,2
11a_345,1
11a_346,2
11a_347,1
11a_348,2
11a_350,1
11a_351,1
11a_352,1
11a_353,3
11a_354,2
11a_355,4
11a_356,3
11a_357,3
11a_358,3
11a_359,2
11a_360,2
11a_361,2
11a_362,1
11a_363,1
11a_364,4
11a_365,3
11a_366,2
11a_367,5
11n_1,1
11n_2,2
11n_3,1
11n_4,0
11n_5,1
11n_6,1
11n_7,1
11n_9,3
11n_10,2
11n_11,1
11n_12,1
11n_13,3
11n_14,2
11n_15,1
11n_16,2
11n_17,1
11n_18,1
11n_19,2
11n_20,1
11n_21,0
11n_22,1
11n_23,2
11n_24,1
11n_25,1
11n_26,1
11n_27,3
11n_28,1
11n_29,1
11n_30,2
11n_31,2
11n_32,1
11n_33,1
11n_35,2
11n_36,1
11n_37,0
11n_38,1
11n_39,0
11n_40,1
11n_41,2
11n_42,0
11n_43,2
11n_44,1
11n_45,1
11n_46,1
11n_47,2
11n_48,1
11n_49,0
11n_50,0
11n_51,1
11n_52,1
11n_53,1
11n_54,1
11n_55,1
11n_56,1
11n_57,3
11n_58,1
11n_59,2
11n_61,2
11n_62,1
11n_63,1
11n_64,2
11n_65,1
11n_66,1
11n_67,0
11n_68,1
11n_69,2
11n_70,2
11n_71,1
11n_72,2
11n_73,0
11n_74,0
11n_75,1
11n_76,2
11n_77,4
11n_78,2
11n_79,1
11n_80,1
11n_81,3
11n_82,1
11n_83,0
11n_84,1
11n_85,1
11n_87,1
11n_88,3
11n_89,2
11n_90,2
11n_91,1
11n_92,1
11n_93,3
11n_94,1
11n_95,2
11n_96,1
11n_97,0
11n_98,1
11n_99,1
11n_100,1
11n_101,1
11n_102,1
11n_103,2
11n_104,3
11n_105,2
11n_106,1
11n_107,2
11n_108,2
11n_109,2
11n_110,1
11n_111,1
11n_113,1
11n_114,1
11n_115,1
11n_116,0
11n_117,1
11n_118,2
11n_119,1
11n_120,1
11n_121,2
11n_122,1
11n_123,1
11n_124,1
11n_125,1
11n_126,3
11n_127,1
11n_128,1
11n_129,1
11n_130,1
11n_131,1
11n_132,0
11n_133,2
11n_134,1
11n_135,2
11n_136,3
11n_137,2
11n_139,0
11n_140,1
11n_141,1
11n_142,1
11n_143,1
11n_144,2
11n_145,1
11n_146,1
11n_147,2
11n_148,1
11n_149,2
11n_150,1
11n_151,1
11n_152,1
11n_153,1
11n_154,1
11n_155,1
11n_156,1
11n_157,1
11n_158,2
11n_159,1
11n_160,1
11n_161,1
11n_162,1
11n_163,1
11n_165,1
11n_166,1
11n_167,1
11n_168,1
11n_169,3
11n_170,1
11n_171,2
11n_172,0
11n_173,2
11n_174,2
11n_175,2
11n_176,1
11n_177,1
11n_178,1
11n_179,1
11n_180,3
11n_181,2
11n_182,1
11n_183,3
11n_184,1
11n_185,2
12a_1,1
12a_2,1
12a_3,0
12a_4,1
12a_6,1
12a_7,1
12a_8,1
12a_9,1
12a_10,1
12a_11,2
12a_12,1
12a_13,1
12a_14,1
12a_15,1
12a_16,1
12a_17,1
12a_18,1
12a_19,1
12a_20,1
12a_21,2
12a_22,1
12a_23,1
12a_24,2
12a_25,1
12a_26,2
12a_27,1
12a_28,1
12a_29,1
12a_30,1
12a_32,1
12a_33,1
12a_34,3
12a_35,2
12a_36,3
12a_37,2
12a_38,1
12a_39,1
12a_40,1
12a_41,2
12a_42,1
12a_43,3
12a_44,2
12a_45,1
12a_46,1
12a_47,2
12a_48,1
12a_49,1
12a_50,1
12a_51,1
12a_52,4
12a_53,3
12a_54,0
12a_55,3
12a_56,2
12a_58,1
12a_59,1
12a_60,1
12a_61,1
12a_62,1
12a_63,1
12a_64,2
12a_65,1
12a_66,1
12a_67,1
12a_68,1
12a_69,1
12a_70,2
12a_71,1
12a_72,1
12a_73,1
12a_74,1
12a_75,2
12a_76,1
12a_77,0
12a_78,2
12a_79,1
12a_80,1
12a_81,1
12a_82,3
12a_84,1
12a_85,2
12a_86,1
12a_87,1
12a_88,1
12a_89,1
12a_90,1
12a_91,2
12a_92,1
12a_93,4
12a_94,3
12a_95,1
12a_96,3
12a_97,2
12a_98,1
12a_99,1
12a_100,0
12a_101,1
12a_102,3
12a_103,1
12a_104,1
12a_105,3
12a_106,2
12a_107,3
12a_108,1
12a_110,2
12a_111,2
12a_112,1
12a_113,1
12a_114,2
12a_115,1
12a_116,1
12a_117,2
12a_118,1
12a_119,2
12a_120,1
12a_121,1
12a_122,1
12a_123,2
12a_124,1
12a_125,1
12a_126,1
12a_127,1
12a_128,1
12a_129,1
12a_130,1
12a_131,1
12a_132,1
12a_133,1
12a_134,1
12a_136,1
12a_137,1
12a_138,1
12a_139,1
12a_140,1
12a_141,1
12a_142,2
12a_143,4
12a_144,3
12a_145,3
12a_146,3
12a_147,2
12a_148,2
12a_149,1
12a_150,1
12a_151,1
12a_152,2
12a_153,2
12a_154,2
12a_155,1
12a_156,2
12a_157,1
12a_158,3
12a_159,2
12a_160,2
12a_162,2
12a_163,1
12a_164,1
12a_165,2
12a_166,1
12a_167,2
12a_168,1
12a_169,1
12a_170,1
12a_171,1
12a_172,2
12a_173,0
12a_174,1
12a_175,1
12a_176,1
12a_177,1
12a_178,1
12a_179,1
12a_180,1
12a_181,1
12a_182,1
12a_183,0
12a_184,1
12a_185,1
12a_186,2
12a_188,1
12a_189,0
12a_190,2
12a_191,1
12a_192,1
12a_193,2
12a_194,1
12a_195,2
12a_196,1
12a_197,1
12a_198,1
12a_199,2
12a_200,1
12a_201,1
12a_202,1
12a_203,1
12a_204,1
12a_205,3
12a_206,2
12a_207,1
12a_208,1
12a_209,1
12a_210,2
12a_211,0
12a_212,1
12a_214,1
12a_215,1
12a_216,2
12a_217,1
12a_218,1
12a_219,2
12a_220,1
12a_221,0
12a_222,1
12a_223,1
12a_224,1
12a_225,1
12a_226,2
12a_227,2
12a_228,1
12a_229,1
12a_230,1
12a_231,2
12a_232,2
12a_233,1
12a_234,1
12a_235,1
12a_236,3
12a_237,2
12a_238,2
12a_240,2
12a_241,1
12a_242,1
12a_243,1
12a_244,2
12a_245,0
12a_246,2
12a_247,1
12a_248,1
12a_249,1
12a_250,2
12a_251,1
12a_252,3
12a_253,2
12a_254,2
12a_255,2
12a_256,1
12a_257,1
12a_258,0
12a_259,1
12a_260,1
12a_261,1
12a_262,1
12a_263,1
12a_264,1
12a_266,2
12a_267,1
12a_268,1
12a_269,2
12a_270,1
12a_271,1
12a_272,1
12a_273,1
12a_274,2
12a_275,1
12a_276,4
12a_277,3
12a_278,1
12a_279,0
12a_280,1
12a_281,2
12a_282,1
12a_283,1
12a_284,1
12a_285,1
12a_286,1
12a_287,1
12a_288,1
12a_289,2
12a_290,1
12a_292,1
12a_293,3
12a_294,2
12a_295,3
12a_296,1
12a_297,2
12a_298,1
12a_299,2
12a_300,1
12a_301,1
12a_302,1
12a_303,1
12a_304,2
12a_305,1
12a_306,1
12a_307,1
12a_308,1
12a_309,1
12a_310,1
12a_311,2
12a_312,1
12a_313,1
12a_314,2
12a_315,2
12a_316,1
12a_318,1
12a_319,3
12a_320,2
12a_321,3
12a_322,2
12a_323,1
12a_324,1
12a_325,1
12a_326,1
12a_327,1
12a_328,1
12a_329,2
12a_330,1
12a_331,2
12a_332,1
12a_333,1
12a_334,1
12a_335,1
12a_336,2
12a_337,1
12a_338,1
12a_339,1
12a_340,1
12a_341,1
12a_342,1
12a_344,3
12a_345,2
12a_346,1
12a_347,1
12a_348,0
12a_349,2
12a_350,2
12a_351,1
12a_352,1
12a_353,1
12a_354,1
12a_355,3
12a_356,2
12a_357,1
12a_358,1
12a_359,1
12a_360,1
12a_361,1
12a_362,2
12a_363,2
12a_364,1
12a_365,1
12a_366,1
12a_367,4
12a_368,3
12a_370,2
12a_371,2
12a_372,1
12a_373,3
12a_374,1
12a_375,2
12a_376,1
12a_377,0
12a_378,1
12a_379,1
12a_380,1
12a_381,1
12a_382,2
12a_383,1
12a_384,1
12a_385,1
12a_386,2
12a_387,1
12a_388,1
12a_389,1
12a_390,1
12a_391,3
12a_392,2
12a_393,2
12a_394,2
12a_396,1
12a_397,2
12a_398,2
12a_399,1
12a_400,1
12a_401,1
12a_402,1
12a_403,1
12a_404,1
12a_405,1
12a_406,1
12a_407,1
12a_408,2
12a_409,3
12a_410,2
12a_411,2
12a_412,1
12a_413,1
12a_414,2
12a_415,1
12a_416,1
12a_417,1
12a_418,1
12a_419,1
12a_420,3
12a_422,2
12a_423,1
12a_424,1
12a_425,0
12a_426,1
12a_427,0
12a_428,1
12a_429,1
12a_430,2
12a_431,3
12a_432,3
12a_433,2
12a_434,1
12a_435,0
12a_436,1
12a_437,1
12a_438,1
12a_439,1
12a_440,2
12a_441,1
12a_442,3
12a_443,2
12a_444,2
12a_445,1
12a_446,1
12a_448,1
12a_449,1
12a_450,1
12a_451,1
12a_452,1
12a_453,1
12a_454,1
12a_455,1
12a_456,0
12a_457,1
12a_458,0
12a_459,1
12a_460,1
12a_461,2
12a_462,1
12a_463,1
12a_464,0
12a_465,1
12a_466,2
12a_467,1
12a_468,1
12a_469,1
12a_470,1
12a_471,1
12a_472,2
12a_474,1
12a_475,1
12a_476,2
12a_477,0
12a_478,1
12a_479,1
12a_480,1
12a_481,1
12a_482,1
12a_483,1
12a_484,0
12a_485,1
12a_486,1
12a_487,1
12a_488,1
12a_489,1
12a_490,3
12a_491,1
12a_492,1
12a_493,1
12a_494,1
12a_495,2
12a_496,1
12a_497,1
12a_498,1
12a_500,1
12a_501,1
12a_502,3
12a_503,1
12a_504,2
12a_505,1
12a_506,1
12a_507,3
12a_508,2
12a_509,1
12a_510,1
12a_511,2
12a_512,1
12a_513,1
12a_514,1
12a_515,1
12a_516,1
12a_517,2
12a_518,1
12a_519,3
12a_520,2
12a_521,2
12a_522,2
12a_523,1
12a_524,1
12a_526,1
12a_527,2
12a_528,1
12a_529,1
12a_530,1
12a_531,1
12a_532,1
12a_533,2
12a_534,2
12a_535,1
12a_536,2
12a_537,1
12a_538,3
12a_539,2
12a_540,2
12a_541,2
12a_542,2
12a_543,1
12a_544,1
12a_545,1
12a_546,1
12a_547,2
12a_548,2
12a_549,1
12a_550,1
12a_552,1
12a_553,2
12a_554,1
12a_555,1
12a_556,2
12a_557,1
12a_558,2
12a_559,1
12a_560,1
12a_561,2
12a_562,1
12a_563,2
12a_564,1
12a_565,2
12a_566,1
12a_567,1
12a_568,2
12a_569,2
12a_570,1
12a_571,1
12a_572,1
12a_573,1
12a_574,4
12a_575,3
12a_576,3
12a_578,2
12a_579,1
12a_580,2
12a_581,1
12a_582,1
12a_583,1
12a_584,1
12a_585,1
12a_586,3
12a_587,3
12a_588,1
12a_589,2
12a_590,3
12a_591,2
12a_592,2
12a_593,1
12a_594,1
12a_595,1
12a_596,1
12a_597,1
12a_598,1
12a_599,2
12a_600,2
12a_601,1
12a_602,1
12a_604,1
12a_605,1
12a_606,0
12a_607,2
12a_608,1
12a_609,1
12a_610,2
12a_611,2
12a_612,2
12a_613,1
12a_614,1
12a_615,3
12a_616,2
12a_617,1
12a_618,2
12a_619,1
12a_620,2
12a_621,1
12a_622,1
12a_623,2
12a_624,1
12a_625,1
12a_626,1
12a_627,1
12a_628,1
12a_630,1
12a_631,0
12a_632,1
12a_633,1
12a_634,1
12a_635,1
12a_636,1
12a_637,1
12a_638,2
12a_639,1
12a_640,1
12a_641,2
12a_642,1
12a_643,1
12a_644,1
12a_645,1
12a_646,0
12a_647,4
12a_648,3
12a_649,1
12a_650,1
12a_651,2
12a_652,1
12a_653,2
12a_654,2
12a_656,1
12a_657,1
12a_658,1
12a_659,3
12a_660,3
12a_661,2
12a_662,1
12a_663,1
12a_664,2
12a_665,1
12a_666,1
12a_667,0
12a_668,1
12a_669,1
12a_670,1
12a_671,2
12a_672,1
12a_673,1
12a_674,1
12a_675,2
12a_676,1
12a_677,1
12a_678,1
12a_679,2
12a_680,1
12a_682,1
12a_683,2
12a_684,1
12a_685,2
12a_686,2
12a_687,1
12a_688,2
12a_689,1
12a_690,1
12a_691,1
12a_692,2
12a_693,2
12a_694,3
12a_695,1
12a_696,1
12a_697,1
12a_698,1
12a_699,1
12a_700,1
12a_701,2
12a_702,2
12a_703,1
12a_704,1
12a_705,1
12a_706,1
12a_708,1
12a_709,1
12a_710,1
12a_711,1
12a_712,1
12a_713,1
12a_714,1
12a_715,0
12a_716,3
12a_717,2
12a_718,2
12a_719,2
12a_720,2
12a_721,1
12a_722,4
12a_723,3
12a_724,3
12a_725,2
12a_726,3
12a_727,2
12a_728,1
12a_729,1
12a_730,2
12a_731,2
12a_732,1
12a_734,1
12a_735,1
12a_736,1
12a_737,2
12a_738,1
12a_739,3
12a_740,2
12a_741,2
12a_742,1
12a_743,1
12a_744,1
12a_745,1
12a_746,1
12a_747,1
12a_748,1
12a_749,1
12a_750,1
12a_751,1
12a_752,1
12a_753,1
12a_754,1
12a_755,1
12a_756,1
12a_757,1
12a_758,1
12a_760,1
12a_761,1
12a_762,3
12a_763,2
12a_764,2
12a_765,1
12a_766,1
12a_767,1
12a_768,1
12a_769,1
12a_770,1
12a_771,1
12a_772,2
12a_773,1
12a_774,1
12a_775,1
12a_776,1
12a_777,2
12a_778,1
12a_779,1
12a_780,2
12a_781,1
12a_782,1
12a_783,1
12a_784,1
12a_786,0
12a_787,2
12a_788,1
12a_789,1
12a_790,1
12a_791,1
12a_792,1
12a_793,1
12a_794,3
12a_795,2
12a_796,2
12a_797,1
12a_798,2
12a_799,1
12a_800,2
12a_801,3
12a_802,1
12a_803,1
12a_804,2
12a_805,2
12a_806,1
12a_807,1
12a_808,1
12a_809,2
12a_810,2
12a_812,2
12a_813,4
12a_814,3
12a_815,1
12a_816,1
12a_817,4
12a_818,1
12a_819,0
12a_820,1
12a_821,1
12a_822,3
12a_823,2
12a_824,1
12a_825,1
12a_826,1
12a_827,1
12a_828,3
12a_829,3
12a_830,1
12a_831,1
12a_832,3
12a_833,1
12a_834,1
12a_835,1
12a_836,1
12a_838,4
12a_839,3
12a_840,3
12a_841,2
12a_842,1
12a_843,2
12a_844,1
12a_845,1
12a_846,1
12a_847,2
12a_848,2
12a_849,1
12a_850,2
12a_851,1
12a_852,1
12a_853,1
12a_854,1
12a_855,1
12a_856,1
12a_857,1
12a_858,1
12a_859,3
12a_860,2
12a_861,2
12a_862,1
12a_864,1
12a_865,1
12a_866,1
12a_867,1
12a_868,1
12a_869,2
12a_870,1
12a_871,1
12a_872,1
12a_873,1
12a_874,1
12a_875,1
12a_876,4
12a_877,3
12a_878,1
12a_879,0
12a_880,2
12a_881,2
12a_882,1
12a_883,1
12a_884,1
12a_885,1
12a_886,1
12a_887,0
12a_888,1
12a_890,1
12a_891,2
12a_892,1
12a_893,1
12a_894,1
12a_895,1
12a_896,1
12a_897,1
12a_898,1
12a_899,1
12a_900,3
12a_901,1
12a_902,1
12a_903,2
12a_904,1
12a_905,1
12a_906,1
12a_907,2
12a_908,2
12a_909,2
12a_910,1
12a_911,1
12a_912,1
12a_913,1
12a_914,1
12a_916,1
12a_917,1
12a_918,1
12a_919,1
12a_920,2
12a_921,1
12a_922,1
12a_923,3
12a_924,2
12a_925,1
12a_926,1
12a_927,1
12a_928,1
12a_929,1
12a_930,3
12a_931,2
12a_932,1
12a_933,1
12a_934,1
12a_935,1
12a_936,1
12a_937,3
12a_938,2
12a_939,1
12a_940,1
12a_942,1
12a_943,1
12a_944,1
12a_945,1
12a_946,3
12a_947,2
12a_948,1
12a_949,1
12a_950,1
12a_951,1
12a_952,3
12a_953,2
12a_954,1
12a_955,1
12a_956,2
12a_957,1
12a_958,2
12a_959,1
12a_960,1
12a_961,1
12a_962,1
12a_963,1
12a_964,1
12a_965,1
12a_966,1
12a_968,1
12a_969,1
12a_970,2
12a_971,1
12a_972,1
12a_973,3
12a_974,2
12a_975,0
12a_976,1
12a_977,3
12a_978,2
12a_979,0
12a_980,2
12a_981,1
12a_982,1
12a_983,2
12a_984,3
12a_985,2
12a_986,1
12a_987,2
12a_988,2
12a_989,1
12a_990,0
12a_991,2
12a_992,1
12a_994,1
12a_995,3
12a_996,2
12a_997,1
12a_998,1
12a_999,1
12a_1000,1
12a_1001,1
12a_1002,1
12a_1003,2
12a_1004,3
12a_1005,1
12a_1006,1
12a_1007,1
12a_1008,1
12a_1009,2
12a_1010,1
12a_1011,0
12a_1012,1
12a_1013,1
12a_1014,1
12a_1015,1
12a_1016,1
12a_1017,2
12a_1018,1
12a_1020,1
12a_1021,1
12a_1022,1
12a_1023,1
12a_1024,1
12a_1025,1
12a_1026,1
12a_1027,1
12a_1028,1
12a_1029,0
12a_1030,1
12a_1031,2
12a_1032,1
12a_1033,1
12a_1034,0
12a_1035,3
12a_1036,3
12a_1037,2
12a_1038,2
12a_1039,1
12a_1040,1
12a_1041,2
12a_1042,1
12a_1043,1
12a_1044,1
12a_1046,1
12a_1047,1
12a_1048,1
12a_1049,1
12a_1050,1
12a_1051,2
12a_1052,1
12a_1053,1
12a_1054,1
12a_1055,1
12a_1056,1
12a_1057,1
12a_1058,1
12a_1059,3
12a_1060,1
12a_1061,1
12a_1062,2
12a_1063,1
12a_1064,1
12a_1065,1
12a_1066,1
12a_1067,1
12a_1068,1
12a_1069,1
12a_1070,1
12a_1072,2
12a_1073,2
12a_1074,2
12a_1075,1
12a_1076,1
12a_1077,1
12a_1078,1
12a_1079,1
12a_1080,2
12a_1081,1
12a_1082,2
12a_1083,0
12a_1084,2
12a_1085,1
12a_1086,1
12a_1087,0
12a_1088,1
12a_1089,2
12a_1090,1
12a_1091,1
12a_1092,1
12a_1093,1
12a_1094,1
12a_1095,1
12a_1096,1
12a_1098,2
12a_1099,2
12a_1100,1
12a_1101,2
12a_1102,1
12a_1103,1
12a_1104,1
12a_1105,0
12a_1106,1
12a_1107,2
12a_1108,1
12a_1109,1
12a_1110,1
12a_1111,1
12a_1112,3
12a_1113,2
12a_1114,3
12a_1115,2
12a_1116,2
12a_1117,2
12a_1118,2
12a_1119,0
12a_1120,1
12a_1121,1
12a_1122,1
12a_1124,1
12a_1125,2
12a_1126,1
12a_1127,1
12a_1128,1
12a_1129,1
12a_1130,1
12a_1131,2
12a_1132,1
12a_1133,1
12a_1134,2
12a_1135,1
12a_1136,1
12a_1137,1
12a_1138,1
12a_1139,1
12a_1140,1
12a_1141,1
12a_1142,2
12a_1143,1
12a_1144,1
12a_1145,1
12a_1146,1
12a_1147,1
12a_1148,1
12a_1150,1
12a_1151,1
12a_1152,1
12a_1153,2
12a_1154,1
12a_1155,2
12a_1156,2
12a_1157,3
12a_1158,2
12a_1159,2
12a_1160,1
12a_1161,1
12a_1162,2
12a_1163,1
12a_1164,2
12a_1165,1
12a_1166,1
12a_1167,1
12a_1168,1
12a_1169,1
12a_1170,1
12a_1171,1
12a_1172,1
12a_1173,1
12a_1174,1
12a_1176,1
12a_1177,1
12a_1178,1
12a_1179,1
12a_1180,1
12a_1181,1
12a_1182,1
12a_1183,2
12a_1184,2
12a_1185,2
12a_1186,2
12a_1187,1
12a_1188,1
12a_1189,1
12a_1190,1
12a_1191,2
12a_1192,1
12a_1193,1
12a_1194,1
12a_1195,1
12a_1196,1
12a_1197,1
12a_1198,1
12a_1199,1
12a_1200,1
12a_1202,0
12a_1203,1
12a_1204,1
12a_1205,1
12a_1206,2
12a_1207,2
12a_1208,1
12a_1209,1
12a_1210,2
12a_1211,1
12a_1212,1
12a_1213,1
12a_1214,4
12a_1215,2
12a_1216,1
12a_1217,1
12a_1218,1
12a_1219,1
12a_1220,3
12a_1221,1
12a_1222,1
12a_1223,2
12a_1224,1
12a_1225,0
12a_1226,1
12a_1228,1
12a_1229,1
12a_1230,1
12a_1231,1
12a_1232,1
12a_1233,2
12a_1234,1
12a_1235,1
12a_1236,1
12a_1237,1
12a_1238,1
12a_1239,1
12a_1240,2
12a_1241,1
12a_1242,3
12a_1243,2
12a_1244,1
12a_1245,1
12a_1246,1
12a_1247,2
12a_1248,1
12a_1249,1
12a_1250,1
12a_1251,1
12a_1252,1
12a_1254,1
12a_1255,2
12a_1256,1
12a_1257,1
12a_1258,1
12a_1259,1
12a_1260,1
12a_1261,1
12a_1262,1
12a_1263,1
12a_1264,1
12a_1265,1
12a_1266,2
12a_1267,1
12a_1268,1
12a_1269,0
12a_1270,1
12a_1271,1
12a_1272,1
12a_1273,1
12a_1274,1
12a_1275,1
12a_1276,1
12a_1277,0
12a_1278,2
12a_1280,1
12a_1281,1
12a_1282,1
12a_1283,0
12a_1284,1
12a_1285,1
12a_1286,2
12a_1287,1
12a_1288,1
12n_1,1
12n_2,1
12n_3,1
12n_4,0
12n_5,1
12n_6,2
12n_7,1
12n_8,2
12n_9,1
12n_10,1
12n_11,1
12n_12,1
12n_13,1
12n_14,1
12n_15,1
12n_16,2
12n_18,1
12n_19,0
12n_20,1
12n_21,1
12n_22,1
12n_23,0
12n_24,0
12n_25,1
12n_26,1
12n_27,1
12n_28,1
12n_29,1
12n_30,1
12n_31,1
12n_32,1
12n_33,1
12n_34,1
12n_35,1
12n_36,1
12n_37,2
12n_38,1
12n_39,1
12n_40,1
12n_41,1
12n_42,1
12n_44,1
12n_45,1
12n_46,1
12n_47,1
12n_48,0
12n_49,0
12n_50,1
12n_51,0
12n_52,1
12n_53,1
12n_54,2
12n_55,1
12n_56,0
12n_57,0
12n_58,2
12n_59,3
12n_60,1
12n_61,1
12n_62,0
12n_63,1
12n_64,2
12n_65,1
12n_66,0
12n_67,3
12n_68,3
12n_70,1
12n_71,1
12n_72,2
12n_73,1
12n_74,4
12n_75,1
12n_76,2
12n_77,3
12n_78,1
12n_79,1
12n_80,1
12n_81,2
12n_82,1
12n_83,2
12n_84,1
12n_85,1
12n_86,1
12n_87,0
12n_88,3
12n_89,3
12n_90,2
12n_91,4
12n_92,1
12n_93,3
12n_94,2
12n_96,3
12n_97,1
12n_98,2
12n_99,1
12n_100,3
12n_101,1
12n_102,2
12n_103,3
12n_104,2
12n_105,4
12n_106,0
12n_107,3
12n_108,2
12n_109,1
12n_110,3
12n_111,1
12n_112,2
12n_113,2
12n_114,3
12n_115,1
12n_116,1
12n_117,2
12n_118,1
12n_119,2
12n_120,2
12n_122,1
12n_123,2
12n_124,1
12n_125,2
12n_126,1
12n_127,1
12n_128,2
12n_129,1
12n_130,1
12n_131,1
12n_132,1
12n_133,3
12n_134,3
12n_135,2
12n_136,4
12n_137,1
12n_138,3
12n_139,2
12n_140,1
12n_141,1
12n_142,1
12n_143,2
12n_144,1
12n_145,0
12n_146,1
12n_148,3
12n_149,2
12n_150,2
12n_151,1
12n_152,1
12n_153,4
12n_154,1
12n_155,2
12n_156,2
12n_157,1
12n_158,1
12n_159,1
12n_160,1
12n_161,1
12n_162,1
12n_163,3
12n_164,1
12n_165,1
12n_166,4
12n_167,1
12n_168,2
12n_169,3
12n_170,0
12n_171,1
12n_172,3
12n_174,1
12n_175,2
12n_176,1
12n_177,3
12n_178,1
12n_179,2
12n_180,1
12n_181,1
12n_182,1
12n_183,2
12n_184,1
12n_185,3
12n_186,2
12n_187,4
12n_188,2
12n_189,1
12n_190,2
12n_191,3
12n_192,1
12n_193,1
12n_194,2
12n_195,1
12n_196,2
12n_197,1
12n_198,1
12n_200,1
12n_201,2
12n_202,1
12n_203,3
12n_204,2
12n_205,2
12n_206,1
12n_207,3
12n_208,1
12n_209,2
12n_210,1
12n_211,1
12n_212,1
12n_213,2
12n_214,0
12n_215,2
12n_216,1
12n_217,3
12n_218,1
12n_219,1
12n_220,3
12n_221,1
12n_222,2
12n_223,1
12n_224,1
12n_226,2
12n_227,1
12n_228,3
12n_229,3
12n_230,1
12n_231,1
12n_232,1
12n_233,2
12n_234,3
12n_235,2
12n_236,1
12n_237,2
12n_238,1
12n_239,2
12n_240,2
12n_241,1
12n_242,5
12n_243,4
12n_244,4
12n_245,3
12n_246,1
12n_247,1
12n_248,1
12n_249,1
12n_250,1
12n_252,1
12n_253,1
12n_254,2
12n_255,1
12n_256,0
12n_257,0
12n_258,1
12n_259,3
12n_260,1
12n_261,2
12n_262,1
12n_263,1
12n_264,1
12n_265,1
12n_266,1
12n_267,1
12n_268,0
12n_269,2
12n_270,1
12n_271,1
12n_272,1
12n_273,2
12n_274,1
12n_275,1
12n_276,3
12n_278,1
12n_279,0
12n_280,1
12n_281,1
12n_282,1
12n_283,1
12n_284,1
12n_285,1
12n_286,1
12n_287,1
12n_288,0
12n_289,3
12n_290,2
12n_291,1
12n_292,4
12n_293,2
12n_294,2
12n_295,1
12n_296,2
12n_297,1
12n_298,1
12n_299,2
12n_300,1
12n_301,1
12n_302,1
12n_304,1
12n_305,4
12n_306,1
12n_307,1
12n_308,3
12n_309,0
12n_310,1
12n_311,1
12n_312,0
12n_313,0
12n_314,1
12n_315,1
12n_316,2
12n_317,1
12n_318,0
12n_319,2
12n_320,1
12n_321,2
12n_322,1
12n_323,1
12n_324,1
12n_325,1
12n_326,2
12n_327,2
12n_328,4
12n_330,1
12n_331,2
12n_332,2
12n_333,1
12n_334,1
12n_335,1
12n_336,2
12n_337,1
12n_338,4
12n_339,1
12n_340,1
12n_341,3
12n_342,1
12n_343,1
12n_344,2
12n_345,1
12n_346,1
12n_347,1
12n_348,1
12n_349,2
12n_350,1
12n_351,1
12n_352,1
12n_353,1
12n_354,1
12n_356,1
12n_357,1
12n_358,1
12n_359,1
12n_360,0
12n_361,2
12n_362,1
12n_363,1
12n_364,1
12n_365,1
12n_366,3
12n_367,1
12n_368,3
12n_369,1
12n_370,1
12n_371,1
12n_372,1
12n_373,2
12n_374,4
12n_375,2
12n_376,1
12n_377,1
12n_378,1
12n_379,1
12n_380,0
12n_382,1
12n_383,1
12n_384,2
12n_385,1
12n_386,4
12n_387,3
12n_388,1
12n_389,1
12n_390,1
12n_391,1
12n_392,1
12n_393,0
12n_394,0
12n_395,2
12n_396,1
12n_397,0
12n_398,2
12n_399,0
12n_400,1
12n_401,1
12n_402,3
12n_403,2
12n_404,2
12n_405,2
12n_406,3
12n_408,1
12n_409,1
12n_410,1
12n_411,1
12n_412,1
12n_413,1
12n_414,0
12n_415,1
12n_416,2
12n_417,4
12n_418,3
12n_419,3
12n_420,0
12n_421,1
12n_422,1
12n_423,1
12n_424,1
12n_425,2
12n_426,4
12n_427,2
12n_428,3
12n_429,1
12n_430,0
12n_431,1
12n_432,2
12n_434,1
12n_435,1
12n_436,2
12n_437,1
12n_438,2
12n_439,1
12n_440,0
12n_441,2
12n_442,1
12n_443,1
12n_444,1
12n_445,2
12n_446,1
12n_447,1
12n_448,1
12n_449,1
12n_450,1
12n_451,1
12n_452,1
12n_453,3
12n_454,1
12n_455,2
12n_456,1
12n_457,1
12n_458,1
12n_460,1
12n_461,1
12n_462,0
12n_463,1
12n_464,1
12n_465,1
12n_466,2
12n_467,1
12n_468,1
12n_469,1
12n_470,1
12n_471,1
12n_472,5
12n_473,4
12n_474,4
12n_475,1
12n_476,2
12n_477,3
12n_478,1
12n_479,1
12n_480,1
12n_481,1
12n_482,1
12n_483,1
12n_484,1
12n_486,1
12n_487,1
12n_488,1
12n_489,1
12n_490,1
12n_491,1
12n_492,1
12n_493,1
12n_494,2
12n_495,1
12n_496,2
12n_497,1
12n_498,1
12n_499,1
12n_500,1
12n_501,0
12n_502,4
12n_503,3
12n_504,0
12n_505,2
12n_506,1
12n_507,1
12n_508,2
12n_509,2
12n_510,2
12n_512,2
12n_513,2
12n_514,1
12n_515,2
12n_516,2
12n_517,1
12n_518,4
12n_519,1
12n_520,1
12n_521,1
12n_522,1
12n_523,1
12n_524,1
12n_525,1
12n_526,2
12n_527,2
12n_528,3
12n_529,1
12n_530,1
12n_531,1
12n_532,1
12n_533,1
12n_534,1
12n_535,1
12n_536,1
12n_538,2
12n_539,1
12n_540,1
12n_541,1
12n_542,1
12n_543,1
12n_544,1
12n_545,2
12n_546,1
12n_547,1
12n_548,1
12n_549,2
12n_550,1
12n_551,2
12n_552,1
12n_553,0
12n_554,1
12n_555,1
12n_556,0
12n_557,2
12n_558,1
12n_559,2
12n_560,1
12n_561,1
12n_562,1
12n_564,1
12n_565,2
12n_566,1
12n_567,1
12n_568,1
12n_569,1
12n_570,2
12n_571,1
12n_572,1
12n_573,1
12n_574,5
12n_575,4
12n_576,4
12n_577,1
12n_578,1
12n_579,1
12n_580,1
12n_581,3
12n_582,0
12n_583,1
12n_584,1
12n_585,3
12n_586,1
12n_587,1
12n_588,1
12n_590,3
12n_591,4
12n_592,2
12n_593,2
12n_594,3
12n_595,1
12n_596,1
12n_597,1
12n_598,2
12n_599,1
12n_600,3
12n_601,1
12n_602,2
12n_603,3
12n_604,2
12n_605,0
12n_606,1
12n_607,1
12n_608,1
12n_609,2
12n_610,1
12n_611,1
12n_612,1
12n_613,1
12n_614,1
12n_616,1
12n_617,2
12n_618,1
12n_619,2
12n_620,1
12n_621,1
12n_622,1
12n_623,2
12n_624,3
12n_625,1
12n_626,2
12n_627,1
12n_628,1
12n_629,1
12n_630,1
12n_631,1
12n_632,1
12n_633,1
12n_634,1
12n_635,1
12n_636,0
12n_637,1
12n_638,3
12n_639,3
12n_640,4
12n_642,2
12n_643,2
12n_644,3
12n_645,1
12n_646,1
12n_647,4
12n_648,3
12n_649,2
12n_650,1
12n_651,1
12n_652,1
12n_653,3
12n_654,2
12n_655,3
12n_656,1
12n_657,0
12n_658,2
12n_659,2
12n_660,3
12n_661,2
12n_662,1
12n_663,1
12n_664,1
12n_665,1
12n_666,2
12n_668,2
12n_669,1
12n_670,0
12n_671,3
12n_672,1
12n_673,1
12n_674,3
12n_675,1
12n_676,0
12n_677,2
12n_678,1
12n_679,5
12n_680,4
12n_681,1
12n_682,3
12n_683,2
12n_684,2
12n_685,1
12n_686,2
12n_687,1
12n_688,5
12n_689,4
12n_690,1
12n_691,4
12n_692,4
12n_694,4
12n_695,1
12n_696,3
12n_697,2
12n_698,2
12n_699,1
12n_700,2
12n_701,1
12n_702,0
12n_703,2
12n_704,1
12n_705,1
12n_706,0
12n_707,2
12n_708,0
12n_709,1
12n_710,1
12n_711,1
12n_712,1
12n_713,1
12n_714,1
12n_715,1
12n_716,1
12n_717,1
12n_718,1
12n_720,2
12n_721,0
12n_722,3
12n_723,1
12n_724,2
12n_725,5
12n_726,1
12n_727,1
12n_728,1
12n_729,2
12n_730,1
12n_731,1
12n_732,1
12n_733,1
12n_734,2
12n_735,1
12n_736,1
12n_737,1
12n_738,2
12n_739,2
12n_740,1
12n_741,1
12n_742,1
12n_743,1
12n_744,2
12n_746,1
12n_747,2
12n_748,1
12n_749,2
12n_750,3
12n_751,1
12n_752,1
12n_753,2
12n_754,1
12n_755,1
12n_756,2
12n_757,1
12n_758,3
12n_759,1
12n_760,1
12n_761,2
12n_762,2
12n_763,1
12n_764,3
12n_765,2
12n_766,2
12n_767,1
12n_768,0
12n_769,1
12n_770,2
12n_772,1
12n_773,2
12n_774,1
12n_775,1
12n_776,1
12n_777,1
12n_778,2
12n_779,1
12n_780,1
12n_781,1
12n_782,0
12n_783,1
12n_784,1
12n_785,1
12n_786,1
12n_787,1
12n_788,1
12n_789,1
12n_790,1
12n_791,2
12n_792,1
12n_793,2
12n_794,1
12n_795,1
12n_796,2
12n_798,1
12n_799,1
12n_800,1
12n_801,2
12n_802,0
12n_803,2
12n_804,1
12n_805,1
12n_806,3
12n_807,2
12n_808,1
12n_809,1
12n_810,1
12n_811,1
12n_812,1
12n_813,1
12n_814,1
12n_815,1
12n_816,1
12n_817,0
12n_818,1
12n_819,1
12n_820,3
12n_821,1
12n_822,1
12n_824,1
12n_825,1
12n_826,1
12n_827,1
12n_828,1
12n_829,1
12n_830,3
12n_831,1
12n_832,2
12n_833,1
12n_834,2
12n_835,1
12n_836,2
12n_837,1
12n_838,0
12n_839,2
12n_840,1
12n_841,1
12n_842,1
12n_843,1
12n_844,1
12n_845,1
12n_846,1
12n_847,1
12n_848,2
12n_850,4
12n_851,3
12n_852,1
12n_853,1
12n_854,1
12n_855,1
12n_856,1
12n_857,1
12n_858,1
12n_859,1
12n_860,1
12n_861,1
12n_862,1
12n_863,2
12n_864,1
12n_865,1
12n_866,1
12n_867,2
12n_868,1
12n_869,1
12n_870,0
12n_871,1
12n_872,1
12n_873,1
12n_874,1
12n_876,0
12n_877,1
12n_878,1
12n_879,1
12n_880,1
12n_881,2
12n_882,3
12n_883,1
12n_884,1
12n_885,1
12n_886,1
12n_887,2
12n_888,5
13a_1,1
13a_2,1
13a_3,1
13a_4,2
13a_5,2
13a_6,1
13a_7,1
13a_8,3
13a_9,2
13a_10,1
13a_11,1
13a_12,1
13a_14,3
13a_15,2
13a_16,2
13a_17,2
13a_18,2
13a_19,1
13a_20,1
13a_21,0
13a_22,1
13a_23,1
13a_24,1
13a_25,1
13a_26,1
13a_27,1
13a_28,1
13a_29,3
13a_30,1
13a_31,0
13a_32,2
13a_33,1
13a_34,1
13a_35,2
13a_36,1
13a_37,1
13a_38,1
13a_40,2
13a_41,1
13a_42,1
13a_43,1
13a_44,1
13a_45,1
13a_46,0
13a_47,3
13a_48,2
13a_49,1
13a_50,1
13a_51,1
13a_52,1
13a_53,1
13a_54,1
13a_55,2
13a_56,2
13a_57,1
13a_58,1
13a_59,1
13a_60,2
13a_61,1
13a_62,1
13a_63,1
13a_64,1
13a_66,0
13a_67,1
13a_68,1
13a_69,1
13a_70,1
13a_71,2
13a_72,1
13a_73,1
13a_74,1
13a_75,0
13a_76,2
13a_77,1
13a_78,1
13a_79,1
13a_80,2
13a_81,1
13a_82,2
13a_83,1
13a_84,1
13a_85,3
13a_86,2
13a_87,2
13a_88,1
13a_89,1
13a_90,1
13a_92,1
13a_93,1
13a_94,1
13a_95,1
13a_96,2
13a_97,1
13a_98,1
13a_99,1
13a_100,2
13a_101,1
13a_102,1
13a_103,1
13a_104,1
13a_105,1
13a_106,2
13a_107,1
13a_108,2
13a_109,2
13a_110,1
13a_111,1
13a_112,2
13a_113,1
13a_114,1
13a_115,1
13a_116,1
13a_118,2
13a_119,1
13a_120,0
13a_121,1
13a_122,1
13a_123,2
13a_124,1
13a_125,3
13a_126,2
13a_127,1
13a_128,1
13a_129,1
13a_130,1
13a_131,1
13a_132,3
13a_133,1
13a_134,1
13a_135,2
13a_136,1
13a_137,2
13a_138,1
13a_139,1
13a_140,1
13a_141,1
13a_142,1
13a_144,1
13a_145,3
13a_146,2
13a_147,2
13a_148,2
13a_149,2
13a_150,2
13a_151,2
13a_152,1
13a_153,1
13a_154,2
13a_155,1
13a_156,1
13a_157,2
13a_158,1
13a_159,2
13a_160,2
13a_161,2
13a_162,2
13a_163,1
13a_164,1
13a_165,1
13a_166,1
13a_167,2
13a_168,1
13a_170,2
13a_171,3
13a_172,2
13a_173,1
13a_174,2
13a_175,1
13a_176,3
13a_177,2
13a_178,1
13a_179,2
13a_180,1
13a_181,1
13a_182,1
13a_183,0
13a_184,1
13a_185,1
13a_186,2
13a_187,1
13a_188,1
13a_189,1
13a_190,1
13a_191,3
13a_192,1
13a_193,3
13a_194,1
13a_196,2
13a_197,1
13a_198,2
13a_199,1
13a_200,1
13a_201,1
13a_202,1
13a_203,2
13a_204,1
13a_205,1
13a_206,1
13a_207,1
13a_208,1
13a_209,2
13a_210,1
13a_211,1
13a_212,1
13a_213,1
13a_214,1
13a_215,1
13a_216,1
13a_217,2
13a_218,1
13a_219,1
13a_220,1
13a_222,0
13a_223,1
13a_224,1
13a_225,1
13a_226,1
13a_227,0
13a_228,1
13a_229,1
13a_230,1
13a_231,2
13a_232,1
13a_233,1
13a_234,2
13a_235,0
13a_236,1
13a_237,2
13a_238,1
13a_239,0
13a_240,1
13a_241,1
13a_242,1
13a_243,1
13a_244,1
13a_245,1
13a_246,2
13a_248,3
13a_249,3
13a_250,1
13a_251,2
13a_252,1
13a_253,1
13a_254,1
13a_255,1
13a_256,1
13a_257,1
13a_258,1
13a_259,1
13a_260,1
13a_261,1
13a_262,1
13a_263,1
13a_264,1
13a_265,1
13a_266,1
13a_267,1
13a_268,1
13a_269,2
13a_270,1
13a_271,1
13a_272,0
13a_274,1
13a_275,1
13a_276,1
13a_277,1
13a_278,1
13a_279,3
13a_280,2
13a_281,1
13a_282,1
13a_283,0
13a_284,2
13a_285,1
13a_286,3
13a_287,2
13a_288,2
13a_289,1
13a_290,1
13a_291,2
13a_292,1
13a_293,2
13a_294,1
13a_295,2
13a_296,0
13a_297,1
13a_298,1
13a_300,1
13a_301,1
13a_302,1
13a_303,1
13a_304,1
13a_305,2
13a_306,1
13a_307,1
13a_308,2
13a_309,1
13a_310,1
13a_311,2
13a_312,1
13a_313,1
13a_314,1
13a_315,1
13a_316,1
13a_317,1
13a_318,2
13a_319,1
13a_320,1
13a_321,1
13a_322,1
13a_323,1
13a_324,1
13a_326,1
13a_327,1
13a_328,1
13a_329,2
13a_330,3
13a_331,2
13a_332,1
13a_333,2
13a_334,1
13a_335,1
13a_336,1
13a_337,2
13a_338,1
13a_339,1
13a_340,1
13a_341,2
13a_342,1
13a_343,1
13a_344,1
13a_345,1
13a_346,1
13a_347,1
13a_348,1
13a_349,1
13a_350,1
13a_352,1
13a_353,1
13a_354,4
13a_355,3
13a_356,1
13a_357,3
13a_358,2
13a_359,1
13a_360,1
13a_361,1
13a_362,1
13a_363,3
13a_364,2
13a_365,1
13a_366,1
13a_367,1
13a_368,3
13a_369,2
13a_370,2
13a_371,1
13a_372,2
13a_373,1
13a_374,1
13a_375,1
13a_376,2
13a_378,2
13a_379,2
13a_380,1
13a_381,1
13a_382,1
13a_383,1
13a_384,1
13a_385,1
13a_386,1
13a_387,2
13a_388,1
13a_389,1
13a_390,1
13a_391,1
13a_392,1
13a_393,1
13a_394,1
13a_395,1
13a_396,1
13a_397,1
13a_398,1
13a_399,1
13a_400,4
13a_401,1
13a_402,3
13a_404,1
13a_405,1
13a_406,1
13a_407,1
13a_408,1
13a_409,1
13a_410,1
13a_411,1
13a_412,1
13a_413,1
13a_414,0
13a_415,2
13a_416,3
13a_417,2
13a_418,2
13a_419,2
13a_420,1
13a_421,1
13a_422,2
13a_423,2
13a_424,1
13a_425,3
13a_426,2
13a_427,2
13a_428,1
13a_430,1
13a_431,1
13a_432,1
13a_433,1
13a_434,2
13a_435,1
13a_436,1
13a_437,1
13a_438,2
13a_439,1
13a_440,2
13a_441,1
13a_442,1
13a_443,2
13a_444,1
13a_445,1
13a_446,1
13a_447,1
13a_448,2
13a_449,1
13a_450,1
13a_451,3
13a_452,2
13a_453,2
13a_454,1
13a_456,1
13a_457,2
13a_458,1
13a_459,1
13a_460,2
13a_461,1
13a_462,1
13a_463,1
13a_464,1
13a_465,1
13a_466,1
13a_467,1
13a_468,2
13a_469,1
13a_470,1
13a_471,1
13a_472,1
13a_473,2
13a_474,2
13a_475,1
13a_476,1
13a_477,1
13a_478,1
13a_479,0
13a_480,2
13a_482,1
13a_483,1
13a_484,2
13a_485,1
13a_486,1
13a_487,1
13a_488,1
13a_489,1
13a_490,1
13a_491,1
13a_492,2
13a_493,1
13a_494,2
13a_495,1
13a_496,1
13a_497,1
13a_498,1
13a_499,1
13a_500,1
13a_501,3
13a_502,2
13a_503,2
13a_504,1
13a_505,1
13a_506,1
13a_508,1
13a_509,1
13a_510,1
13a_511,1
13a_512,1
13a_513,1
13a_514,1
13a_515,1
13a_516,1
13a_517,3
13a_518,1
13a_519,1
13a_520,1
13a_521,0
13a_522,1
13a_523,1
13a_524,2
13a_525,4
13a_526,3
13a_527,1
13a_528,1
13a_529,1
13a_530,1
13a_531,1
13a_532,1
13a_534,1
13a_535,1
13a_536,1
13a_537,1
13a_538,1
13a_539,1
13a_540,1
13a_541,1
13a_542,4
13a_543,3
13a_544,1
13a_545,1
13a_546,1
13a_547,1
13a_548,3
13a_549,0
13a_550,1
13a_551,1
13a_552,1
13a_553,1
13a_554,1
13a_555,1
13a_556,0
13a_557,1
13a_558,1
13a_560,3
13a_561,1
13a_562,1
13a_563,1
13a_564,2
13a_565,1
13a_566,2
13a_567,3
13a_568,2
13a_569,2
13a_570,1
13a_571,2
13a_572,1
13a_573,1
13a_574,2
13a_575,3
13a_576,2
13a_577,1
13a_578,2
13a_579,1
13a_580,0
13a_581,1
13a_582,1
13a_583,1
13a_584,2
13a_586,2
13a_587,2
13a_588,1
13a_589,2
13a_590,1
13a_591,1
13a_592,1
13a_593,1
13a_594,2
13a_595,1
13a_596,2
13a_597,1
13a_598,1
13a_599,1
13a_600,1
13a_601,2
13a_602,1
13a_603,1
13a_604,1
13a_605,1
13a_606,1
13a_607,1
13a_608,1
13a_609,1
13a_610,1
13a_612,1
13a_613,1
13a_614,1
13a_615,1
13a_616,3
13a_617,2
13a_618,2
13a_619,1
13a_620,1
13a_621,3
13a_622,3
13a_623,2
13a_624,2
13a_625,1
13a_626,1
13a_627,1
13a_628,1
13a_629,2
13a_630,1
13a_631,2
13a_632,1
13a_633,1
13a_634,1
13a_635,1
13a_636,2
13a_638,1
13a_639,1
13a_640,1
13a_641,1
13a_642,1
13a_643,3
13a_644,2
13a_645,2
13a_646,4
13a_647,3
13a_648,3
13a_649,1
13a_650,2
13a_651,1
13a_652,1
13a_653,2
13a_654,1
13a_655,1
13a_656,1
13a_657,1
13a_658,2
13a_659,1
13a_660,3
13a_661,2
13a_662,1
13a_664,1
13a_665,3
13a_666,2
13a_667,1
13a_668,2
13a_669,1
13a_670,2
13a_671,1
13a_672,1
13a_673,1
13a_674,1
13a_675,1
13a_676,1
13a_677,0
13a_678,2
13a_679,1
13a_680,1
13a_681,1
13a_682,1
13a_683,1
13a_684,2
13a_685,1
13a_686,1
13a_687,1
13a_688,1
13a_690,2
13a_691,1
13a_692,1
13a_693,2
13a_694,1
13a_695,1
13a_696,0
13a_697,1
13a_698,1
13a_699,1
13a_700,2
13a_701,1
13a_702,1
13a_703,1
13a_704,1
13a_705,1
13a_706,1
13a_707,1
13a_708,3
13a_709,2
13a_710,2
13a_711,1
13a_712,1
13a_713,1
13a_714,1
13a_716,1
13a_717,2
13a_718,1
13a_719,2
13a_720,2
13a_721,2
13a_722,1
13a_723,1
13a_724,1
13a_725,1
13a_726,1
13a_727,1
13a_728,1
13a_729,2
13a_730,1
13a_731,2
13a_732,1
13a_733,1
13a_734,1
13a_735,2
13a_736,1
13a_737,1
13a_738,1
13a_739,1
13a_740,1
13a_742,1
13a_743,2
13a_744,1
13a_745,1
13a_746,2
13a_747,1
13a_748,1
13a_749,1
13a_750,1
13a_751,0
13a_752,1
13a_753,1
13a_754,1
13a_755,1
13a_756,1
13a_757,1
13a_758,1
13a_759,1
13a_760,1
13a_761,1
13a_762,1
13a_763,1
13a_764,0
13a_765,1
13a_766,1
13a_768,1
13a_769,1
13a_770,2
13a_771,1
13a_772,1
13a_773,1
13a_774,1
13a_775,2
13a_776,1
13a_777,1
13a_778,1
13a_779,1
13a_780,2
13a_781,1
13a_782,1
13a_783,2
13a_784,1
13a_785,1
13a_786,1
13a_787,1
13a_788,1
13a_789,1
13a_790,2
13a_791,1
13a_792,1
13a_794,1
13a_795,1
13a_796,2
13a_797,1
13a_798,2
13a_799,1
13a_800,1
13a_801,1
13a_802,1
13a_803,3
13a_804,2
13a_805,1
13a_806,1
13a_807,1
13a_808,1
13a_809,3
13a_810,1
13a_811,1
13a_812,3
13a_813,1
13a_814,1
13a_815,1
13a_816,2
13a_817,1
13a_818,1
13a_820,2
13a_821,1
13a_822,1
13a_823,2
13a_824,1
13a_825,3
13a_826,2
13a_827,1
13a_828,2
13a_829,1
13a_830,1
13a_831,1
13a_832,1
13a_833,0
13a_834,1
13a_835,2
13a_836,1
13a_837,1
13a_838,1
13a_839,1
13a_840,1
13a_841,1
13a_842,1
13a_843,1
13a_844,1
13a_846,1
13a_847,1
13a_848,1
13a_849,0
13a_850,1
13a_851,1
13a_852,1
13a_853,1
13a_854,2
13a_855,1
13a_856,1
13a_857,1
13a_858,3
13a_859,2
13a_860,2
13a_861,2
13a_862,1
13a_863,1
13a_864,1
13a_865,4
13a_866,3
13a_867,4
13a_868,3
13a_869,2
13a_870,1
13a_872,1
13a_873,2
13a_874,1
13a_875,1
13a_876,1
13a_877,2
13a_878,1
13a_879,1
13a_880,1
13a_881,1
13a_882,1
13a_883,1
13a_884,1
13a_885,1
13a_886,0
13a_887,2
13a_888,3
13a_889,2
13a_890,1
13a_891,1
13a_892,1
13a_893,3
13a_894,1
13a_895,2
13a_896,2
13a_898,1
13a_899,1
13a_900,1
13a_901,2
13a_902,1
13a_903,1
13a_904,2
13a_905,1
13a_906,1
13a_907,0
13a_908,1
13a_909,1
13a_910,2
13a_911,1
13a_912,1
13a_913,1
13a_914,1
13a_915,1
13a_916,1
13a_917,1
13a_918,1
13a_919,1
13a_920,2
13a_921,1
13a_922,1
13a_924,1
13a_925,1
13a_926,1
13a_927,1
13a_928,1
13a_929,1
13a_930,2
13a_931,1
13a_932,3
13a_933,2
13a_934,1
13a_935,1
13a_936,2
13a_937,1
13a_938,1
13a_939,1
13a_940,1
13a_941,1
13a_942,1
13a_943,1
13a_944,1
13a_945,1
13a_946,1
13a_947,1
13a_948,1
13a_950,2
13a_951,1
13a_952,1
13a_953,1
13a_954,1
13a_955,1
13a_956,2
13a_957,1
13a_958,1
13a_959,1
13a_960,1
13a_961,1
13a_962,2
13a_963,2
13a_964,1
13a_965,1
13a_966,1
13a_967,1
13a_968,1
13a_969,1
13a_970,1
13a_971,1
13a_972,2
13a_973,1
13a_974,1
13a_976,2
13a_977,1
13a_978,1
13a_979,2
13a_980,1
13a_981,2
13a_982,1
13a_983,2
13a_984,2
13a_985,1
13a_986,1
13a_987,1
13a_988,1
13a_989,2
13a_990,3
13a_991,2
13a_992,1
13a_993,1
13a_994,2
13a_995,1
13a_996,1
13a_997,0
13a_998,1
13a_999,1
13a_1000,1
13a_1002,2
13a_1003,1
13a_1004,1
13a_1005,1
13a_1006,1
13a_1007,1
13a_1008,1
13a_1009,1
13a_1010,1
13a_1011,1
13a_1012,1
13a_1013,2
13a_1014,1
13a_1015,1
13a_1016,0
13a_1017,1
13a_1018,1
13a_1019,1
13a_1020,2
13a_1021,2
13a_1022,1
13a_1023,1
13a_1024,0
13a_1025,2
13a_1026,1
13a_1028,2
13a_1029,1
13a_1030,1
13a_1031,3
13a_1032,2
13a_1033,1
13a_1034,1
13a_1035,1
13a_1036,2
13a_1037,3
13a_1038,2
13a_1039,1
13a_1040,1
13a_1041,1
13a_1042,1
13a_1043,2
13a_1044,1
13a_1045,1
13a_1046,1
13a_1047,3
13a_1048,2
13a_1049,1
13a_1050,1
13a_1051,2
13a_1052,1
13a_1054,1
13a_1055,1
13a_1056,1
13a_1057,1
13a_1058,1
13a_1059,1
13a_1060,1
13a_1061,3
13a_1062,2
13a_1063,4
13a_1064,3
13a_1065,1
13a_1066,1
13a_1067,1
13a_1068,1
13a_1069,1
13a_1070,1
13a_1071,0
13a_1072,1
13a_1073,4
13a_1074,3
13a_1075,1
13a_1076,1
13a_1077,2
13a_1078,1
13a_1080,1
13a_1081,2
13a_1082,1
13a_1083,2
13a_1084,1
13a_1085,1
13a_1086,1
13a_1087,1
13a_1088,1
13a_1089,1
13a_1090,1
13a_1091,1
13a_1092,1
13a_1093,1
13a_1094,1
13a_1095,1
13a_1096,0
13a_1097,1
13a_1098,2
13a_1099,2
13a_1100,1
13a_1101,3
13a_1102,2
13a_1103,1
13a_1104,1
13a_1106,1
13a_1107,2
13a_1108,1
13a_1109,1
13a_1110,1
13a_1111,1
13a_1112,2
13a_1113,1
13a_1114,1
13a_1115,1
13a_1116,1
13a_1117,1
13a_1118,2
13a_1119,3
13a_1120,3
13a_1121,1
13a_1122,1
13a_1123,2
13a_1124,1
13a_1125,2
13a_1126,1
13a_1127,1
13a_1128,1
13a_1129,1
13a_1130,2
13a_1132,1
13a_1133,1
13a_1134,1
13a_1135,1
13a_1136,1
13a_1137,2
13a_1138,1
13a_1139,1
13a_1140,2
13a_1141,1
13a_1142,1
13a_1143,1
13a_1144,0
13a_1145,1
13a_1146,1
13a_1147,2
13a_1148,2
13a_1149,2
13a_1150,2
13a_1151,1
13a_1152,1
13a_1153,1
13a_1154,1
13a_1155,1
13a_1156,2
13a_1158,2
13a_1159,1
13a_1160,1
13a_1161,1
13a_1162,1
13a_1163,1
13a_1164,2
13a_1165,1
13a_1166,2
13a_1167,1
13a_1168,1
13a_1169,1
13a_1170,1
13a_1171,1
13a_1172,1
13a_1173,1
13a_1174,1
13a_1175,1
13a_1176,1
13a_1177,1
13a_1178,1
13a_1179,1
13a_1180,1
13a_1181,1
13a_1182,2
13a_1184,2
13a_1185,1
13a_1186,1
13a_1187,2
13a_1188,1
13a_1189,1
13a_1190,1
13a_1191,1
13a_1192,1
13a_1193,1
13a_1194,1
13a_1195,1
13a_1196,1
13a_1197,1
13a_1198,1
13a_1199,0
13a_1200,1
13a_1201,1
13a_1202,2
13a_1203,1
13a_1204,3
13a_1205,2
13a_1206,2
13a_1207,1
13a_1208,1
13a_1210,1
13a_1211,1
13a_1212,1
13a_1213,1
13a_1214,1
13a_1215,1
13a_1216,1
13a_1217,1
13a_1218,3
13a_1219,2
13a_1220,1
13a_1221,1
13a_1222,2
13a_1223,1
13a_1224,2
13a_1225,1
13a_1226,1
13a_1227,0
13a_1228,1
13a_1229,2
13a_1230,4
13a_1231,1
13a_1232,1
13a_1233,2
13a_1234,2
13a_1236,1
13a_1237,1
13a_1238,1
13a_1239,1
13a_1240,1
13a_1241,1
13a_1242,1
13a_1243,3
13a_1244,2
13a_1245,3
13a_1246,2
13a_1247,2
13a_1248,1
13a_1249,1
13a_1250,1
13a_1251,1
13a_1252,1
13a_1253,0
13a_1254,3
13a_1255,2
13a_1256,2
13a_1257,2
13a_1258,2
13a_1259,2
13a_1260,1
13a_1262,1
13a_1263,1
13a_1264,1
13a_1265,1
13a_1266,1
13a_1267,1
13a_1268,1
13a_1269,1
13a_1270,3
13a_1271,3
13a_1272,1
13a_1273,2
13a_1274,1
13a_1275,2
13a_1276,1
13a_1277,1
13a_1278,1
13a_1279,1
13a_1280,1
13a_1281,2
13a_1282,1
13a_1283,1
13a_1284,2
13a_1285,1
13a_1286,1
13a_1288,3
13a_1289,1
13a_1290,3
13a_1291,2
13a_1292,1
13a_1293,1
13a_1294,1
13a_1295,2
13a_1296,1
13a_1297,1
13a_1298,1
13a_1299,1
13a_1300,1
13a_1301,2
13a_1302,1
13a_1303,2
13a_1304,1
13a_1305,3
13a_1306,3
13a_1307,2
13a_1308,1
13a_1309,1
13a_1310,1
13a_1311,1
13a_1312,1
13a_1314,1
13a_1315,1
13a_1316,1
13a_1317,2
13a_1318,1
13a_1319,3
13a_1320,1
13a_1321,1
13a_1322,1
13a_1323,2
13a_1324,2
13a_1325,2
13a_1326,1
13a_1327,1
13a_1328,1
13a_1329,2
13a_1330,2
13a_1331,2
13a_1332,2
13a_1333,2
13a_1334,1
13a_1335,1
13a_1336,2
13a_1337,2
13a_1338,0
13a_1340,0
13a_1341,1
13a_1342,1
13a_1343,1
13a_1344,1
13a_1345,1
13a_1346,1
13a_1347,2
13a_1348,2
13a_1349,1
13a_1350,1
13a_1351,1
13a_1352,1
13a_1353,3
13a_1354,3
13a_1355,4
13a_1356,3
13a_1357,1
13a_1358,2
13a_1359,1
13a_1360,1
13a_1361,1
13a_1362,1
13a_1363,1
13a_1364,1
13a_1366,1
13a_1367,1
13a_1368,3
13a_1369,2
13a_1370,1
13a_1371,1
13a_1372,1
13a_1373,0
13a_1374,1
13a_1375,1
13a_1376,3
13a_1377,2
13a_1378,2
13a_1379,1
13a_1380,1
13a_1381,1
13a_1382,1
13a_1383,2
13a_1384,1
13a_1385,1
13a_1386,1
13a_1387,1
13a_1388,1
13a_1389,1
13a_1390,2
13a_1392,0
13a_1393,1
13a_1394,2
13a_1395,1
13a_1396,3
13a_1397,1
13a_1398,2
13a_1399,1
13a_1400,1
13a_1401,1
13a_1402,0
13a_1403,2
13a_1404,2
13a_1405,1
13a_1406,1
13a_1407,1
13a_1408,1
13a_1409,1
13a_1410,1
13a_1411,1
13a_1412,1
13a_1413,2
13a_1414,1
13a_1415,1
13a_1416,1
13a_1418,2
13a_1419,2
13a_1420,1
13a_1421,1
13a_1422,1
13a_1423,1
13a_1424,1
13a_1425,1
13a_1426,1
13a_1427,1
13a_1428,2
13a_1429,1
13a_1430,1
13a_1431,1
13a_1432,2
13a_1433,1
13a_1434,2
13a_1435,1
13a_1436,3
13a_1437,1
13a_1438,1
13a_1439,1
13a_1440,2
13a_1441,1
13a_1442,1
13a_1444,1
13a_1445,1
13a_1446,1
13a_1447,1
13a_1448,1
13a_1449,1
13a_1450,2
13a_1451,1
13a_1452,2
13a_1453,1
13a_1454,1
13a_1455,1
13a_1456,1
13a_1457,1
13a_1458,1
13a_1459,0
13a_1460,1
13a_1461,2
13a_1462,2
13a_1463,1
13a_1464,3
13a_1465,2
13a_1466,4
13a_1467,3
13a_1468,3
13a_1470,1
13a_1471,3
13a_1472,2
13a_1473,1
13a_1474,1
13a_1475,2
13a_1476,2
13a_1477,1
13a_1478,2
13a_1479,1
13a_1480,2
13a_1481,1
13a_1482,1
13a_1483,2
13a_1484,0
13a_1485,1
13a_1486,1
13a_1487,1
13a_1488,1
13a_1489,1
13a_1490,1
13a_1491,2
13a_1492,1
13a_1493,1
13a_1494,3
13a_1496,1
13a_1497,1
13a_1498,1
13a_1499,2
13a_1500,1
13a_1501,1
13a_1502,1
13a_1503,2
13a_1504,1
13a_1505,1
13a_1506,1
13a_1507,2
13a_1508,1
13a_1509,1
13a_1510,1
13a_1511,1
13a_1512,1
13a_1513,0
13a_1514,1
13a_1515,1
13a_1516,1
13a_1517,1
13a_1518,2
13a_1519,1
13a_1520,3
13a_1522,1
13a_1523,1
13a_1524,1
13a_1525,1
13a_1526,1
13a_1527,1
13a_1528,1
13a_1529,1
13a_1530,1
13a_1531,1
13a_1532,1
13a_1533,1
13a_1534,1
13a_1535,1
13a_1536,1
13a_1537,1
13a_1538,1
13a_1539,1
13a_1540,1
13a_1541,2
13a_1542,1
13a_1543,2
13a_1544,2
13a_1545,3
13a_1546,2
13a_1548,1
13a_1549,1
13a_1550,1
13a_1551,1
13a_1552,2
13a_1553,1
13a_1554,2
13a_1555,1
13a_1556,1
13a_1557,2
13a_1558,1
13a_1559,2
13a_1560,1
13a_1561,1
13a_1562,1
13a_1563,1
13a_1564,1
13a_1565,1
13a_1566,1
13a_1567,2
13a_1568,1
13a_1569,1
13a_1570,1
13a_1571,1
13a_1572,1
13a_1574,1
13a_1575,2
13a_1576,1
13a_1577,0
13a_1578,1
13a_1579,1
13a_1580,2
13a_1581,2
13a_1582,3
13a_1583,2
13a_1584,2
13a_1585,1
13a_1586,2
13a_1587,1
13a_1588,1
13a_1589,1
13a_1590,1
13a_1591,1
13a_1592,1
13a_1593,1
13a_1594,1
13a_1595,1
13a_1596,1
13a_1597,1
13a_1598,1
13a_1600,0
13a_1601,1
13a_1602,1
13a_1603,2
13a_1604,1
13a_1605,1
13a_1606,1
13a_1607,1
13a_1608,1
13a_1609,2
13a_1610,1
13a_1611,1
13a_1612,1
13a_1613,1
13a_1614,3
13a_1615,2
13a_1616,2
13a_1617,2
13a_1618,2
13a_1619,1
13a_1620,1
13a_1621,1
13a_1622,1
13a_1623,2
13a_1624,1
13a_1626,1
13a_1627,1
13a_1628,1
13a_1629,1
13a_1630,2
13a_1631,1
13a_1632,1
13a_1633,1
13a_1634,1
13a_1635,1
13a_1636,1
13a_1637,1
13a_1638,1
13a_1639,1
13a_1640,1
13a_1641,1
13a_1642,1
13a_1643,2
13a_1644,1
13a_1645,2
13a_1646,1
13a_1647,1
13a_1648,1
13a_1649,1
13a_1650,1
13a_1652,1
13a_1653,1
13a_1654,1
13a_1655,1
13a_1656,1
13a_1657,1
13a_1658,1
13a_1659,1
13a_1660,1
13a_1661,1
13a_1662,1
13a_1663,2
13a_1664,1
13a_1665,1
13a_1666,1
13a_1667,1
13a_1668,1
13a_1669,1
13a_1670,2
13a_1671,1
13a_1672,1
13a_1673,1
13a_1674,0
13a_1675,1
13a_1676,1
13a_1678,1
13a_1679,1
13a_1680,1
13a_1681,0
13a_1682,1
13a_1683,2
13a_1684,1
13a_1685,1
13a_1686,1
13a_1687,1
13a_1688,2
13a_1689,1
13a_1690,1
13a_1691,1
13a_1692,2
13a_1693,0
13a_1694,1
13a_1695,1
13a_1696,1
13a_1697,3
13a_1698,1
13a_1699,2
13a_1700,1
13a_1701,1
13a_1702,1
13a_1704,1
13a_1705,1
13a_1706,1
13a_1707,1
13a_1708,0
13a_1709,2
13a_1710,1
13a_1711,1
13a_1712,1
13a_1713,1
13a_1714,1
13a_1715,2
13a_1716,1
13a_1717,1
13a_1718,3
13a_1719,1
13a_1720,1
13a_1721,2
13a_1722,1
13a_1723,1
13a_1724,1
13a_1725,1
13a_1726,0
13a_1727,1
13a_1728,1
13a_1730,1
13a_1731,1
13a_1732,2
13a_1733,1
13a_1734,1
13a_1735,1
13a_1736,1
13a_1737,1
13a_1738,1
13a_1739,1
13a_1740,3
13a_1741,2
13a_1742,1
13a_1743,1
13a_1744,2
13a_1745,1
13a_1746,1
13a_1747,1
13a_1748,1
13a_1749,2
13a_1750,1
13a_1751,2
13a_1752,1
13a_1753,1
13a_1754,2
13a_1756,1
13a_1757,2
13a_1758,1
13a_1759,1
13a_1760,1
13a_1761,1
13a_1762,1
13a_1763,2
13a_1764,1
13a_1765,1
13a_1766,1
13a_1767,1
13a_1768,1
13a_1769,1
13a_1770,1
13a_1771,1
13a_1772,2
13a_1773,1
13a_1774,1
13a_1775,1
13a_1776,1
13a_1777,1
13a_1778,1
13a_1779,2
13a_1780,1
13a_1782,1
13a_1783,2
13a_1784,2
13a_1785,1
13a_1786,1
13a_1787,1
13a_1788,1
13a_1789,1
13a_1790,0
13a_1791,1
13a_1792,2
13a_1793,1
13a_1794,1
13a_1795,1
13a_1796,1
13a_1797,1
13a_1798,4
13a_1799,3
13a_1800,1
13a_1801,1
13a_1802,1
13a_1803,1
13a_1804,1
13a_1805,1
13a_1806,1
13a_1808,1
13a_1809,1
13a_1810,0
13a_1811,2
13a_1812,1
13a_1813,1
13a_1814,1
13a_1815,1
13a_1816,1
13a_1817,2
13a_1818,1
13a_1819,1
13a_1820,1
13a_1821,1
13a_1822,1
13a_1823,1
13a_1824,1
13a_1825,1
13a_1826,2
13a_1827,3
13a_1828,1
13a_1829,1
13a_1830,1
13a_1831,1
13a_1832,1
13a_1834,1
13a_1835,1
13a_1836,1
13a_1837,1
13a_1838,1
13a_1839,2
13a_1840,1
13a_1841,1
13a_1842,0
13a_1843,1
13a_1844,1
13a_1845,1
13a_1846,1
13a_1847,1
13a_1848,1
13a_1849,1
13a_1850,1
13a_1851,1
13a_1852,1
13a_1853,1
13a_1854,1
13a_1855,1
13a_1856,1
13a_1857,2
13a_1858,1
13a_1860,1
13a_1861,1
13a_1862,1
13a_1863,1
13a_1864,3
13a_1865,2
13a_1866,1
13a_1867,2
13a_1868,2
13a_1869,1
13a_1870,1
13a_1871,2
13a_1872,1
13a_1873,1
13a_1874,1
13a_1875,1
13a_1876,2
13a_1877,1
13a_1878,1
13a_1879,2
13a_1880,1
13a_1881,1
13a_1882,1
13a_1883,1
13a_1884,0
13a_1886,2
13a_1887,1
13a_1888,1
13a_1889,1
13a_1890,1
13a_1891,1
13a_1892,3
13a_1893,3
13a_1894,1
13a_1895,1
13a_1896,1
13a_1897,1
13a_1898,2
13a_1899,1
13a_1900,1
13a_1901,2
13a_1902,1
13a_1903,1
13a_1904,1
13a_1905,1
13a_1906,2
13a_1907,1
13a_1908,2
13a_1909,1
13a_1910,2
13a_1912,3
13a_1913,1
13a_1914,2
13a_1915,1
13a_1916,1
13a_1917,1
13a_1918,1
13a_1919,3
13a_1920,2
13a_1921,2
13a_1922,1
13a_1923,2
13a_1924,1
13a_1925,1
13a_1926,1
13a_1927,1
13a_1928,1
13a_1929,3
13a_1930,2
13a_1931,1
13a_1932,1
13a_1933,1
13a_1934,1
13a_1935,1
13a_1936,1
13a_1938,1
13a_1939,2
13a_1940,4
13a_1941,3
13a_1942,3
13a_1943,2
13a_1944,1
13a_1945,1
13a_1946,1
13a_1947,2
13a_1948,2
13a_1949,1
13a_1950,1
13a_1951,2
13a_1952,2
13a_1953,1
13a_1954,1
13a_1955,1
13a_1956,1
13a_1957,1
13a_1958,1
13a_1959,1
13a_1960,1
13a_1961,1
13a_1962,2
13a_1964,0
13a_1965,1
13a_1966,2
13a_1967,1
13a_1968,2
13a_1969,2
13a_1970,1
13a_1971,1
13a_1972,1
13a_1973,1
13a_1974,2
13a_1975,1
13a_1976,1
13a_1977,1
13a_1978,1
13a_1979,2
13a_1980,1
13a_1981,1
13a_1982,1
13a_1983,1
13a_1984,2
13a_1985,2
13a_1986,2
13a_1987,1
13a_1988,2
13a_1990,1
13a_1991,1
13a_1992,1
13a_1993,1
13a_1994,1
13a_1995,1
13a_1996,1
13a_1997,2
13a_1998,1
13a_1999,1
13a_2000,1
13a_2001,2
13a_2002,1
13a_2003,0
13a_2004,1
13a_2005,1
13a_2006,1
13a_2007,1
13a_2008,1
13a_2009,3
13a_2010,2
13a_2011,1
13a_2012,1
13a_2013,1
13a_2014,1
13a_2016,1
13a_2017,1
13a_2018,1
13a_2019,1
13a_2020,1
13a_2021,1
13a_2022,1
13a_2023,1
13a_2024,1
13a_2025,2
13a_2026,1
13a_2027,1
13a_2028,1
13a_2029,2
13a_2030,2
13a_2031,1
13a_2032,1
13a_2033,1
13a_2034,1
13a_2035,2
13a_2036,3
13a_2037,2
13a_2038,2
13a_2039,1
13a_2040,1
13a_2042,2
13a_2043,1
13a_2044,0
13a_2045,1
13a_2046,1
13a_2047,1
13a_2048,1
13a_2049,1
13a_2050,2
13a_2051,1
13a_2052,1
13a_2053,1
13a_2054,1
13a_2055,1
13a_2056,3
13a_2057,2
13a_2058,1
13a_2059,1
13a_2060,1
13a_2061,2
13a_2062,1
13a_2063,1
13a_2064,3
13a_2065,1
13a_2066,1
13a_2068,0
13a_2069,2
13a_2070,1
13a_2071,1
13a_2072,3
13a_2073,2
13a_2074,2
13a_2075,1
13a_2076,3
13a_2077,4
13a_2078,1
13a_2079,2
13a_2080,2
13a_2081,1
13a_2082,1
13a_2083,1
13a_2084,0
13a_2085,1
13a_2086,1
13a_2087,1
13a_2088,1
13a_2089,1
13a_2090,1
13a_2091,2
13a_2092,1
13a_2094,1
13a_2095,0
13a_2096,1
13a_2097,1
13a_2098,2
13a_2099,1
13a_2100,1
13a_2101,1
13a_2102,1
13a_2103,1
13a_2104,1
13a_2105,1
13a_2106,1
13a_2107,1
13a_2108,2
13a_2109,1
13a_2110,0
13a_2111,1
13a_2112,2
13a_2113,1
13a_2114,1
13a_2115,0
13a_2116,2
13a_2117,1
13a_2118,3
13a_2120,3
13a_2121,2
13a_2122,1
13a_2123,1
13a_2124,3
13a_2125,2
13a_2126,2
13a_2127,2
13a_2128,3
13a_2129,2
13a_2130,2
13a_2131,1
13a_2132,2
13a_2133,2
13a_2134,1
13a_2135,4
13a_2136,3
13a_2137,2
13a_2138,2
13a_2139,1
13a_2140,1
13a_2141,1
13a_2142,1
13a_2143,2
13a_2144,1
13a_2146,1
13a_2147,1
13a_2148,4
13a_2149,3
13a_2150,2
13a_2151,2
13a_2152,1
13a_2153,1
13a_2154,3
13a_2155,2
13a_2156,1
13a_2157,3
13a_2158,2
13a_2159,2
13a_2160,1
13a_2161,1
13a_2162,1
13a_2163,1
13a_2164,2
13a_2165,1
13a_2166,1
13a_2167,1
13a_2168,1
13a_2169,1
13a_2170,1
13a_2172,1
13a_2173,2
13a_2174,1
13a_2175,3
13a_2176,2
13a_2177,1
13a_2178,1
13a_2179,2
13a_2180,2
13a_2181,2
13a_2182,2
13a_2183,1
13a_2184,2
13a_2185,2
13a_2186,2
13a_2187,1
13a_2188,1
13a_2189,1
13a_2190,0
13a_2191,1
13a_2192,1
13a_2193,1
13a_2194,2
13a_2195,1
13a_2196,1
13a_2198,2
13a_2199,1
13a_2200,2
13a_2201,2
13a_2202,1
13a_2203,2
13a_2204,2
13a_2205,1
13a_2206,2
13a_2207,1
13a_2208,1
13a_2209,2
13a_2210,1
13a_2211,1
13a_2212,0
13a_2213,1
13a_2214,1
13a_2215,1
13a_2216,3
13a_2217,1
13a_2218,1
13a_2219,1
13a_2220,1
13a_2221,1
13a_2222,1
13a_2224,1
13a_2225,1
13a_2226,0
13a_2227,0
13a_2228,2
13a_2229,1
13a_2230,2
13a_2231,1
13a_2232,1
13a_2233,2
13a_2234,1
13a_2235,1
13a_2236,1
13a_2237,2
13a_2238,2
13a_2239,1
13a_2240,1
13a_2241,1
13a_2242,1
13a_2243,2
13a_2244,2
13a_2245,1
13a_2246,1
13a_2247,1
13a_2248,1
13a_2250,1
13a_2251,1
13a_2252,1
13a_2253,1
13a_2254,1
13a_2255,1
13a_2256,3
13a_2257,1
13a_2258,1
13a_2259,1
13a_2260,2
13a_2261,2
13a_2262,2
13a_2263,2
13a_2264,1
13a_2265,1
13a_2266,2
13a_2267,1
13a_2268,3
13a_2269,2
13a_2270,1
13a_2271,1
13a_2272,1
13a_2273,1
13a_2274,2
13a_2276,1
13a_2277,1
13a_2278,2
13a_2279,1
13a_2280,3
13a_2281,2
13a_2282,1
13a_2283,0
13a_2284,2
13a_2285,4
13a_2286,3
13a_2287,3
13a_2288,1
13a_2289,3
13a_2290,2
13a_2291,2
13a_2292,2
13a_2293,1
13a_2294,2
13a_2295,2
13a_2296,2
13a_2297,1
13a_2298,3
13a_2299,2
13a_2300,1
13a_2302,2
13a_2303,2
13a_2304,1
13a_2305,2
13a_2306,1
13a_2307,1
13a_2308,1
13a_2309,3
13a_2310,2
13a_2311,1
13a_2312,1
13a_2313,1
13a_2314,0
13a_2315,2
13a_2316,1
13a_2317,2
13a_2318,1
13a_2319,1
13a_2320,1
13a_2321,1
13a_2322,2
13a_2323,1
13a_2324,1
13a_2325,3
13a_2326,2
13a_2328,1
13a_2329,1
13a_2330,1
13a_2331,2
13a_2332,1
13a_2333,3
13a_2334,2
13a_2335,1
13a_2336,2
13a_2337,1
13a_2338,1
13a_2339,1
13a_2340,1
13a_2341,1
13a_2342,3
13a_2343,1
13a_2344,1
13a_2345,1
13a_2346,2
13a_2347,1
13a_2348,1
13a_2349,1
13a_2350,1
13a_2351,1
13a_2352,1
13a_2354,2
13a_2355,2
13a_2356,2
13a_2357,1
13a_2358,3
13a_2359,2
13a_2360,2
13a_2361,1
13a_2362,1
13a_2363,1
13a_2364,1
13a_2365,2
13a_2366,1
13a_2367,1
13a_2368,1
13a_2369,1
13a_2370,1
13a_2371,1
13a_2372,2
13a_2373,2
13a_2374,1
13a_2375,3
13a_2376,2
13a_2377,2
13a_2378,2
13a_2380,1
13a_2381,1
13a_2382,1
13a_2383,1
13a_2384,1
13a_2385,1
13a_2386,1
13a_2387,1
13a_2388,2
13a_2389,1
13a_2390,3
13a_2391,2
13a_2392,1
13a_2393,0
13a_2394,1
13a_2395,2
13a_2396,1
13a_2397,0
13a_2398,2
13a_2399,2
13a_2400,2
13a_2401,1
13a_2402,2
13a_2403,1
13a_2404,1
13a_2406,1
13a_2407,1
13a_2408,1
13a_2409,2
13a_2410,1
13a_2411,1
13a_2412,2
13a_2413,1
13a_2414,1
13a_2415,1
13a_2416,1
13a_2417,2
13a_2418,1
13a_2419,1
13a_2420,1
13a_2421,2
13a_2422,1
13a_2423,1
13a_2424,1
13a_2425,1
13a_2426,1
13a_2427,1
13a_2428,1
13a_2429,1
13a_2430,1
13a_2432,1
13a_2433,1
13a_2434,2
13a_2435,1
13a_2436,2
13a_2437,1
13a_2438,2
13a_2439,1
13a_2440,0
13a_2441,1
13a_2442,1
13a_2443,1
13a_2444,1
13a_2445,2
13a_2446,1
13a_2447,2
13a_2448,1
13a_2449,2
13a_2450,1
13a_2451,1
13a_2452,1
13a_2453,2
13a_2454,1
13a_2455,2
13a_2456,1
13a_2458,2
13a_2459,1
13a_2460,1
13a_2461,1
13a_2462,3
13a_2463,2
13a_2464,2
13a_2465,1
13a_2466,1
13a_2467,2
13a_2468,1
13a_2469,1
13a_2470,1
13a_2471,1
13a_2472,2
13a_2473,1
13a_2474,3
13a_2475,2
13a_2476,1
13a_2477,1
13a_2478,2
13a_2479,1
13a_2480,1
13a_2481,1
13a_2482,1
13a_2484,1
13a_2485,2
13a_2486,0
13a_2487,1
13a_2488,1
13a_2489,2
13a_2490,1
13a_2491,1
13a_2492,1
13a_2493,2
13a_2494,1
13a_2495,1
13a_2496,1
13a_2497,1
13a_2498,1
13a_2499,1
13a_2500,2
13a_2501,1
13a_2502,2
13a_2503,2
13a_2504,1
13a_2505,1
13a_2506,1
13a_2507,2
13a_2508,1
13a_2510,2
13a_2511,1
13a_2512,1
13a_2513,1
13a_2514,1
13a_2515,1
13a_2516,3
13a_2517,1
13a_2518,1
13a_2519,1
13a_2520,2
13a_2521,2
13a_2522,1
13a_2523,1
13a_2524,1
13a_2525,1
13a_2526,1
13a_2527,1
13a_2528,1
13a_2529,1
13a_2530,1
13a_2531,1
13a_2532,1
13a_2533,2
13a_2534,1
13a_2536,3
13a_2537,1
13a_2538,4
13a_2539,3
13a_2540,1
13a_2541,1
13a_2542,1
13a_2543,1
13a_2544,1
13a_2545,1
13a_2546,1
13a_2547,1
13a_2548,3
13a_2549,2
13a_2550,1
13a_2551,1
13a_2552,1
13a_2553,1
13a_2554,[1;2]
13a_2555,1
13a_2556,1
13a_2557,1
13a_2558,1
13a_2559,1
13a_2560,1
13a_2562,1
13a_2563,1
13a_2564,1
13a_2565,1
13a_2566,1
13a_2567,1
13a_2568,2
13a_2569,1
13a_2570,1
13a_2571,1
13a_2572,1
13a_2573,1
13a_2574,1
13a_2575,1
13a_2576,1
13a_2577,1
13a_2578,1
13a_2579,1
13a_2580,1
13a_2581,1
13a_2582,1
13a_2583,1
13a_2584,1
13a_2585,0
13a_2586,1
13a_2588,1
13a_2589,1
13a_2590,1
13a_2591,1
13a_2592,1
13a_2593,1
13a_2594,1
13a_2595,1
13a_2596,1
13a_2597,2
13a_2598,1
13a_2599,2
13a_2600,2
13a_2601,1
13a_2602,1
13a_2603,1
13a_2604,2
13a_2605,1
13a_2606,2
13a_2607,2
13a_2608,2
13a_2609,1
13a_2610,2
13a_2611,1
13a_2612,1
13a_2614,1
13a_2615,1
13a_2616,2
13a_2617,1
13a_2618,1
13a_2619,2
13a_2620,3
13a_2621,1
13a_2622,1
13a_2623,2
13a_2624,2
13a_2625,1
13a_2626,1
13a_2627,1
13a_2628,2
13a_2629,2
13a_2630,2
13a_2631,2
13a_2632,1
13a_2633,1
13a_2634,2
13a_2635,1
13a_2636,2
13a_2637,1
13a_2638,1
13a_2640,1
13a_2641,1
13a_2642,1
13a_2643,1
13a_2644,2
13a_2645,1
13a_2646,1
13a_2647,3
13a_2648,1
13a_2649,2
13a_2650,1
13a_2651,1
13a_2652,1
13a_2653,1
13a_2654,1
13a_2655,1
13a_2656,1
13a_2657,1
13a_2658,1
13a_2659,1
13a_2660,2
13a_2661,1
13a_2662,1
13a_2663,2
13a_2664,0
13a_2666,1
13a_2667,2
13a_2668,2
13a_2669,1
13a_2670,1
13a_2671,1
13a_2672,1
13a_2673,1
13a_2674,1
13a_2675,2
13a_2676,2
13a_2677,1
13a_2678,1
13a_2679,1
13a_2680,1
13a_2681,1
13a_2682,1
13a_2683,1
13a_2684,2
13a_2685,3
13a_2686,2
13a_2687,1
13a_2688,2
13a_2689,3
13a_2690,1
13a_2692,1
13a_2693,1
13a_2694,0
13a_2695,2
13a_2696,3
13a_2697,2
13a_2698,2
13a_2699,1
13a_2700,1
13a_2701,1
13a_2702,2
13a_2703,1
13a_2704,1
13a_2705,4
13a_2706,3
13a_2707,1
13a_2708,1
13a_2709,2
13a_2710,1
13a_2711,2
13a_2712,1
13a_2713,1
13a_2714,1
13a_2715,1
13a_2716,1
13a_2718,1
13a_2719,1
13a_2720,1
13a_2721,1
13a_2722,1
13a_2723,1
13a_2724,4
13a_2725,3
13a_2726,1
13a_2727,1
13a_2728,1
13a_2729,1
13a_2730,1
13a_2731,1
13a_2732,1
13a_2733,1
13a_2734,1
13a_2735,1
13a_2736,1
13a_2737,1
13a_2738,1
13a_2739,1
13a_2740,1
13a_2741,1
13a_2742,1
13a_2744,1
13a_2745,2
13a_2746,1
13a_2747,1
13a_2748,1
13a_2749,1
13a_2750,1
13a_2751,3
13a_2752,2
13a_2753,2
13a_2754,1
13a_2755,1
13a_2756,1
13a_2757,1
13a_2758,4
13a_2759,3
13a_2760,3
13a_2761,2
13a_2762,1
13a_2763,3
13a_2764,0
13a_2765,1
13a_2766,2
13a_2767,2
13a_2768,2
13a_2770,2
13a_2771,1
13a_2772,2
13a_2773,3
13a_2774,1
13a_2775,1
13a_2776,1
13a_2777,2
13a_2778,2
13a_2779,1
13a_2780,1
13a_2781,1
13a_2782,1
13a_2783,3
13a_2784,2
13a_2785,2
13a_2786,1
13a_2787,1
13a_2788,2
13a_2789,1
13a_2790,1
13a_2791,1
13a_2792,1
13a_2793,1
13a_2794,2
13a_2796,2
13a_2797,1
13a_2798,2
13a_2799,1
13a_2800,1
13a_2801,1
13a_2802,1
13a_2803,3
13a_2804,3
13a_2805,2
13a_2806,1
13a_2807,1
13a_2808,1
13a_2809,2
13a_2810,1
13a_2811,1
13a_2812,1
13a_2813,1
13a_2814,2
13a_2815,1
13a_2816,3
13a_2817,1
13a_2818,1
13a_2819,2
13a_2820,1
13a_2822,2
13a_2823,4
13a_2824,3
13a_2825,3
13a_2826,1
13a_2827,2
13a_2828,1
13a_2829,4
13a_2830,3
13a_2831,3
13a_2832,2
13a_2833,3
13a_2834,2
13a_2835,1
13a_2836,0
13a_2837,1
13a_2838,1
13a_2839,1
13a_2840,1
13a_2841,2
13a_2842,1
13a_2843,2
13a_2844,[1;2]
13a_2845,3
13a_2846,2
13a_2848,3
13a_2849,2
13a_2850,1
13a_2851,3
13a_2852,1
13a_2853,1
13a_2854,1
13a_2855,2
13a_2856,4
13a_2857,3
13a_2858,3
13a_2859,2
13a_2860,2
13a_2861,1
13a_2862,1
13a_2863,1
13a_2864,3
13a_2865,2
13a_2866,1
13a_2867,3
13a_2868,1
13a_2869,1
13a_2870,3
13a_2871,3
13a_2872,2
13a_2874,1
13a_2875,2
13a_2876,2
13a_2877,2
13a_2878,3
13a_2879,2
13a_2880,3
13a_2881,1
13a_2882,1
13a_2883,1
13a_2884,3
13a_2885,2
13a_2886,1
13a_2887,1
13a_2888,2
13a_2889,2
13a_2890,2
13a_2891,2
13a_2892,1
13a_2893,1
13a_2894,2
13a_2895,2
13a_2896,2
13a_2897,2
13a_2898,1
13a_2900,1
13a_2901,2
13a_2902,1
13a_2903,1
13a_2904,1
13a_2905,1
13a_2906,2
13a_2907,1
13a_2908,1
13a_2909,2
13a_2910,1
13a_2911,2
13a_2912,3
13a_2913,1
13a_2914,1
13a_2915,1
13a_2916,1
13a_2917,1
13a_2918,1
13a_2919,1
13a_2920,1
13a_2921,1
13a_2922,2
13a_2923,3
13a_2924,2
13a_2926,1
13a_2927,2
13a_2928,1
13a_2929,1
13a_2930,1
13a_2931,2
13a_2932,1
13a_2933,1
13a_2934,3
13a_2935,2
13a_2936,1
13a_2937,2
13a_2938,1
13a_2939,1
13a_2940,1
13a_2941,1
13a_2942,2
13a_2943,4
13a_2944,3
13a_2945,3
13a_2946,2
13a_2947,1
13a_2948,3
13a_2949,2
13a_2950,2
13a_2952,1
13a_2953,1
13a_2954,4
13a_2955,3
13a_2956,1
13a_2957,3
13a_2958,1
13a_2959,1
13a_2960,1
13a_2961,3
13a_2962,2
13a_2963,1
13a_2964,1
13a_2965,2
13a_2966,1
13a_2967,1
13a_2968,1
13a_2969,1
13a_2970,4
13a_2971,1
13a_2972,1
13a_2973,1
13a_2974,2
13a_2975,3
13a_2976,1
13a_2978,1
13a_2979,2
13a_2980,3
13a_2981,2
13a_2982,3
13a_2983,3
13a_2984,1
13a_2985,2
13a_2986,0
13a_2987,1
13a_2988,1
13a_2989,1
13a_2990,2
13a_2991,0
13a_2992,1
13a_2993,1
13a_2994,1
13a_2995,1
13a_2996,2
13a_2997,1
13a_2998,1
13a_2999,1
13a_3000,1
13a_3001,1
13a_3002,1
13a_3004,1
13a_3005,1
13a_3006,3
13a_3007,3
13a_3008,2
13a_3009,1
13a_3010,1
13a_3011,1
13a_3012,1
13a_3013,1
13a_3014,2
13a_3015,3
13a_3016,1
13a_3017,1
13a_3018,3
13a_3019,2
13a_3020,2
13a_3021,2
13a_3022,1
13a_3023,3
13a_3024,1
13a_3025,1
13a_3026,1
13a_3027,1
13a_3028,1
13a_3030,2
13a_3031,1
13a_3032,1
13a_3033,1
13a_3034,1
13a_3035,2
13a_3036,1
13a_3037,1
13a_3038,1
13a_3039,1
13a_3040,4
13a_3041,1
13a_3042,3
13a_3043,1
13a_3044,1
13a_3045,1
13a_3046,2
13a_3047,1
13a_3048,1
13a_3049,1
13a_3050,1
13a_3051,1
13a_3052,1
13a_3053,1
13a_3054,1
13a_3056,1
13a_3057,1
13a_3058,1
13a_3059,4
13a_3060,3
13a_3061,1
13a_3062,1
13a_3063,2
13a_3064,0
13a_3065,2
13a_3066,2
13a_3067,1
13a_3068,1
13a_3069,1
13a_3070,1
13a_3071,0
13a_3072,1
13a_3073,1
13a_3074,1
13a_3075,1
13a_3076,1
13a_3077,1
13a_3078,1
13a_3079,1
13a_3080,1
13a_3082,1
13a_3083,1
13a_3084,1
13a_3085,1
13a_3086,1
13a_3087,1
13a_3088,1
13a_3089,2
13a_3090,1
13a_3091,1
13a_3092,5
13a_3093,4
13a_3094,4
13a_3095,3
13a_3096,4
13a_3097,3
13a_3098,3
13a_3099,3
13a_3100,2
13a_3101,4
13a_3102,3
13a_3103,3
13a_3104,2
13a_3105,2
13a_3106,1
13a_3108,1
13a_3109,2
13a_3110,5
13a_3111,4
13a_3112,4
13a_3113,4
13a_3114,3
13a_3115,3
13a_3116,4
13a_3117,3
13a_3118,2
13a_3119,1
13a_3120,3
13a_3121,2
13a_3122,2
13a_3123,3
13a_3124,2
13a_3125,4
13a_3126,4
13a_3127,3
13a_3128,3
13a_3129,3
13a_3130,3
13a_3131,1
13a_3132,5
13a_3134,3
13a_3135,4
13a_3136,3
13a_3137,3
13a_3138,2
13a_3139,3
13a_3140,4
13a_3141,3
13a_3142,2
13a_3143,1
13a_3144,1
13a_3145,1
13a_3146,2
13a_3147,1
13a_3148,1
13a_3149,1
13a_3150,1
13a_3151,1
13a_3152,2
13a_3153,1
13a_3154,1
13a_3155,1
13a_3156,2
13a_3157,2
13a_3158,2
13a_3160,1
13a_3161,1
13a_3162,1
13a_3163,1
13a_3164,3
13a_3165,2
13a_3166,1
13a_3167,2
13a_3168,1
13a_3169,2
13a_3170,1
13a_3171,1
13a_3172,1
13a_3173,2
13a_3174,2
13a_3175,1
13a_3176,2
13a_3177,1
13a_3178,1
13a_3179,1
13a_3180,1
13a_3181,1
13a_3182,2
13a_3183,1
13a_3184,1
13a_3186,1
13a_3187,1
13a_3188,2
13a_3189,1
13a_3190,2
13a_3191,1
13a_3192,2
13a_3193,1
13a_3194,1
13a_3195,1
13a_3196,2
13a_3197,1
13a_3198,1
13a_3199,1
13a_3200,2
13a_3201,1
13a_3202,1
13a_3203,1
13a_3204,2
13a_3205,1
13a_3206,3
13a_3207,1
13a_3208,0
13a_3209,1
13a_3210,2
13a_3212,3
13a_3213,1
13a_3214,1
13a_3215,1
13a_3216,2
13a_3217,2
13a_3218,1
13a_3219,2
13a_3220,1
13a_3221,0
13a_3222,2
13a_3223,1
13a_3224,2
13a_3225,2
13a_3226,2
13a_3227,1
13a_3228,1
13a_3229,1
13a_3230,3
13a_3231,1
13a_3232,2
13a_3233,1
13a_3234,3
13a_3235,1
13a_3236,1
13a_3238,2
13a_3239,1
13a_3240,1
13a_3241,1
13a_3242,1
13a_3243,2
13a_3244,3
13a_3245,1
13a_3246,1
13a_3247,1
13a_3248,2
13a_3249,1
13a_3250,1
13a_3251,1
13a_3252,1
13a_3253,1
13a_3254,2
13a_3255,2
13a_3256,1
13a_3257,1
13a_3258,1
13a_3259,2
13a_3260,1
13a_3261,2
13a_3262,3
13a_3264,0
13a_3265,2
13a_3266,1
13a_3267,1
13a_3268,1
13a_3269,1
13a_3270,2
13a_3271,1
13a_3272,1
13a_3273,1
13a_3274,1
13a_3275,1
13a_3276,1
13a_3277,2
13a_3278,2
13a_3279,1
13a_3280,2
13a_3281,1
13a_3282,1
13a_3283,3
13a_3284,1
13a_3285,1
13a_3286,1
13a_3287,1
13a_3288,1
13a_3290,1
13a_3291,1
13a_3292,2
13a_3293,1
13a_3294,1
13a_3295,1
13a_3296,1
13a_3297,2
13a_3298,1
13a_3299,1
13a_3300,1
13a_3301,2
13a_3302,1
13a_3303,1
13a_3304,2
13a_3305,1
13a_3306,1
13a_3307,1
13a_3308,2
13a_3309,3
13a_3310,2
13a_3311,1
13a_3312,1
13a_3313,1
13a_3314,0
13a_3316,2
13a_3317,1
13a_3318,1
13a_3319,1
13a_3320,1
13a_3321,1
13a_3322,1
13a_3323,1
13a_3324,1
13a_3325,1
13a_3326,4
13a_3327,3
13a_3328,1
13a_3329,3
13a_3330,3
13a_3331,2
13a_3332,1
13a_3333,1
13a_3334,1
13a_3335,2
13a_3336,4
13a_3337,3
13a_3338,4
13a_3339,1
13a_3340,3
13a_3342,2
13a_3343,1
13a_3344,1
13a_3345,0
13a_3346,1
13a_3347,1
13a_3348,1
13a_3349,1
13a_3350,1
13a_3351,1
13a_3352,1
13a_3353,1
13a_3354,1
13a_3355,1
13a_3356,1
13a_3357,1
13a_3358,3
13a_3359,2
13a_3360,2
13a_3361,1
13a_3362,1
13a_3363,1
13a_3364,2
13a_3365,1
13a_3366,3
13a_3368,2
13a_3369,2
13a_3370,1
13a_3371,2
13a_3372,1
13a_3373,1
13a_3374,1
13a_3375,1
13a_3376,2
13a_3377,5
13a_3378,4
13a_3379,4
13a_3380,5
13a_3381,4
13a_3382,0
13a_3383,2
13a_3384,1
13a_3385,1
13a_3386,1
13a_3387,1
13a_3388,1
13a_3389,1
13a_3390,1
13a_3391,2
13a_3392,1
13a_3394,2
13a_3395,1
13a_3396,1
13a_3397,2
13a_3398,1
13a_3399,1
13a_3400,1
13a_3401,1
13a_3402,1
13a_3403,1
13a_3404,1
13a_3405,2
13a_3406,1
13a_3407,1
13a_3408,1
13a_3409,2
13a_3410,1
13a_3411,1
13a_3412,1
13a_3413,1
13a_3414,1
13a_3415,1
13a_3416,1
13a_3417,1
13a_3418,1
13a_3420,1
13a_3421,1
13a_3422,1
13a_3423,1
13a_3424,1
13a_3425,2
13a_3426,1
13a_3427,1
13a_3428,1
13a_3429,1
13a_3430,1
13a_3431,2
13a_3432,1
13a_3433,1
13a_3434,1
13a_3435,2
13a_3436,1
13a_3437,1
13a_3438,1
13a_3439,1
13a_3440,1
13a_3441,1
13a_3442,1
13a_3443,1
13a_3444,2
13a_3446,2
13a_3447,1
13a_3448,1
13a_3449,2
13a_3450,1
13a_3451,1
13a_3452,1
13a_3453,2
13a_3454,1
13a_3455,1
13a_3456,1
13a_3457,3
13a_3458,2
13a_3459,1
13a_3460,4
13a_3461,3
13a_3462,2
13a_3463,1
13a_3464,2
13a_3465,1
13a_3466,1
13a_3467,1
13a_3468,1
13a_3469,0
13a_3470,1
13a_3472,1
13a_3473,0
13a_3474,1
13a_3475,1
13a_3476,1
13a_3477,1
13a_3478,1
13a_3479,1
13a_3480,1
13a_3481,1
13a_3482,2
13a_3483,1
13a_3484,2
13a_3485,1
13a_3486,1
13a_3487,1
13a_3488,1
13a_3489,1
13a_3490,1
13a_3491,1
13a_3492,1
13a_3493,2
13a_3494,1
13a_3495,1
13a_3496,1
13a_3498,2
13a_3499,1
13a_3500,1
13a_3501,1
13a_3502,1
13a_3503,1
13a_3504,2
13a_3505,1
13a_3506,2
13a_3507,1
13a_3508,1
13a_3509,1
13a_3510,1
13a_3511,1
13a_3512,2
13a_3513,2
13a_3514,2
13a_3515,2
13a_3516,1
13a_3517,1
13a_3518,0
13a_3519,1
13a_3520,2
13a_3521,1
13a_3522,1
13a_3524,1
13a_3525,1
13a_3526,1
13a_3527,1
13a_3528,1
13a_3529,1
13a_3530,3
13a_3531,2
13a_3532,1
13a_3533,1
13a_3534,1
13a_3535,1
13a_3536,2
13a_3537,1
13a_3538,1
13a_3539,1
13a_3540,1
13a_3541,1
13a_3542,1
13a_3543,1
13a_3544,2
13a_3545,1
13a_3546,2
13a_3547,1
13a_3548,1
13a_3550,0
13a_3551,2
13a_3552,1
13a_3553,2
13a_3554,1
13a_3555,1
13a_3556,1
13a_3557,1
13a_3558,1
13a_3559,1
13a_3560,1
13a_3561,1
13a_3562,1
13a_3563,1
13a_3564,2
13a_3565,1
13a_3566,1
13a_3567,2
13a_3568,1
13a_3569,1
13a_3570,1
13a_3571,1
13a_3572,1
13a_3573,1
13a_3574,1
13a_3576,1
13a_3577,2
13a_3578,1
13a_3579,3
13a_3580,1
13a_3581,1
13a_3582,2
13a_3583,2
13a_3584,1
13a_3585,1
13a_3586,1
13a_3587,3
13a_3588,2
13a_3589,3
13a_3590,2
13a_3591,1
13a_3592,1
13a_3593,2
13a_3594,3
13a_3595,2
13a_3596,2
13a_3597,2
13a_3598,1
13a_3599,3
13a_3600,2
13a_3602,2
13a_3603,3
13a_3604,2
13a_3605,2
13a_3606,1
13a_3607,1
13a_3608,1
13a_3609,2
13a_3610,1
13a_3611,1
13a_3612,1
13a_3613,1
13a_3614,1
13a_3615,1
13a_3616,2
13a_3617,3
13a_3618,1
13a_3619,1
13a_3620,1
13a_3621,1
13a_3622,1
13a_3623,1
13a_3624,1
13a_3625,1
13a_3626,1
13a_3628,0
13a_3629,1
13a_3630,1
13a_3631,1
13a_3632,1
13a_3633,2
13a_3634,1
13a_3635,1
13a_3636,1
13a_3637,2
13a_3638,1
13a_3639,1
13a_3640,2
13a_3641,1
13a_3642,1
13a_3643,1
13a_3644,1
13a_3645,2
13a_3646,1
13a_3647,1
13a_3648,1
13a_3649,1
13a_3650,1
13a_3651,2
13a_3652,1
13a_3654,1
13a_3655,1
13a_3656,1
13a_3657,1
13a_3658,1
13a_3659,1
13a_3660,1
13a_3661,1
13a_3662,0
13a_3663,1
13a_3664,1
13a_3665,1
13a_3666,2
13a_3667,2
13a_3668,0
13a_3669,1
13a_3670,1
13a_3671,1
13a_3672,1
13a_3673,1
13a_3674,1
13a_3675,1
13a_3676,1
13a_3677,1
13a_3678,1
13a_3680,1
13a_3681,1
13a_3682,1
13a_3683,1
13a_3684,1
13a_3685,4
13a_3686,3
13a_3687,3
13a_3688,3
13a_3689,2
13a_3690,2
13a_3691,2
13a_3692,2
13a_3693,2
13a_3694,1
13a_3695,1
13a_3696,1
13a_3697,3
13a_3698,2
13a_3699,1
13a_3700,1
13a_3701,1
13a_3702,1
13a_3703,3
13a_3704,2
13a_3706,1
13a_3707,2
13a_3708,1
13a_3709,1
13a_3710,1
13a_3711,1
13a_3712,4
13a_3713,3
13a_3714,4
13a_3715,3
13a_3716,2
13a_3717,1
13a_3718,1
13a_3719,1
13a_3720,1
13a_3721,1
13a_3722,1
13a_3723,1
13a_3724,1
13a_3725,1
13a_3726,1
13a_3727,2
13a_3728,2
13a_3729,1
13a_3730,1
13a_3732,1
13a_3733,2
13a_3734,1
13a_3735,3
13a_3736,2
13a_3737,1
13a_3738,1
13a_3739,1
13a_3740,2
13a_3741,1
13a_3742,1
13a_3743,1
13a_3744,1
13a_3745,1
13a_3746,1
13a_3747,1
13a_3748,1
13a_3749,1
13a_3750,2
13a_3751,1
13a_3752,1
13a_3753,2
13a_3754,3
13a_3755,1
13a_3756,2
13a_3758,2
13a_3759,1
13a_3760,1
13a_3761,0
13a_3762,1
13a_3763,1
13a_3764,1
13a_3765,1
13a_3766,1
13a_3767,1
13a_3768,1
13a_3769,1
13a_3770,1
13a_3771,3
13a_3772,1
13a_3773,1
13a_3774,0
13a_3775,1
13a_3776,1
13a_3777,1
13a_3778,1
13a_3779,2
13a_3780,1
13a_3781,1
13a_3782,1
13a_3784,2
13a_3785,1
13a_3786,1
13a_3787,2
13a_3788,3
13a_3789,1
13a_3790,1
13a_3791,1
13a_3792,1
13a_3793,1
13a_3794,1
13a_3795,1
13a_3796,1
13a_3797,1
13a_3798,2
13a_3799,1
13a_3800,1
13a_3801,1
13a_3802,1
13a_3803,1
13a_3804,1
13a_3805,1
13a_3806,1
13a_3807,1
13a_3808,1
13a_3810,1
13a_3811,1
13a_3812,1
13a_3813,1
13a_3814,2
13a_3815,1
13a_3816,2
13a_3817,1
13a_3818,1
13a_3819,1
13a_3820,1
13a_3821,1
13a_3822,1
13a_3823,2
13a_3824,1
13a_3825,1
13a_3826,1
13a_3827,3
13a_3828,2
13a_3829,2
13a_3830,1
13a_3831,2
13a_3832,1
13a_3833,1
13a_3834,1
13a_3836,1
13a_3837,1
13a_3838,1
13a_3839,1
13a_3840,1
13a_3841,1
13a_3842,1
13a_3843,1
13a_3844,1
13a_3845,2
13a_3846,2
13a_3847,1
13a_3848,1
13a_3849,1
13a_3850,2
13a_3851,1
13a_3852,3
13a_3853,1
13a_3854,1
13a_3855,1
13a_3856,1
13a_3857,2
13a_3858,1
13a_3859,2
13a_3860,1
13a_3862,1
13a_3863,1
13a_3864,2
13a_3865,1
13a_3866,1
13a_3867,2
13a_3868,1
13a_3869,2
13a_3870,1
13a_3871,1
13a_3872,2
13a_3873,1
13a_3874,2
13a_3875,1
13a_3876,1
13a_3877,2
13a_3878,1
13a_3879,2
13a_3880,1
13a_3881,1
13a_3882,2
13a_3883,1
13a_3884,1
13a_3885,1
13a_3886,1
13a_3888,3
13a_3889,1
13a_3890,1
13a_3891,2
13a_3892,3
13a_3893,2
13a_3894,1
13a_3895,2
13a_3896,3
13a_3897,1
13a_3898,2
13a_3899,4
13a_3900,3
13a_3901,3
13a_3902,2
13a_3903,2
13a_3904,2
13a_3905,1
13a_3906,1
13a_3907,1
13a_3908,1
13a_3909,1
13a_3910,1
13a_3911,1
13a_3912,1
13a_3914,1
13a_3915,2
13a_3916,1
13a_3917,1
13a_3918,1
13a_3919,1
13a_3920,1
13a_3921,1
13a_3922,2
13a_3923,1
13a_3924,2
13a_3925,1
13a_3926,1
13a_3927,1
13a_3928,1
13a_3929,1
13a_3930,2
13a_3931,1
13a_3932,1
13a_3933,1
13a_3934,1
13a_3935,1
13a_3936,1
13a_3937,1
13a_3938,2
13a_3940,1
13a_3941,2
13a_3942,1
13a_3943,2
13a_3944,1
13a_3945,1
13a_3946,1
13a_3947,1
13a_3948,1
13a_3949,0
13a_3950,1
13a_3951,2
13a_3952,1
13a_3953,1
13a_3954,2
13a_3955,1
13a_3956,1
13a_3957,1
13a_3958,2
13a_3959,1
13a_3960,3
13a_3961,3
13a_3962,3
13a_3963,2
13a_3964,3
13a_3966,2
13a_3967,2
13a_3968,2
13a_3969,1
13a_3970,1
13a_3971,3
13a_3972,1
13a_3973,1
13a_3974,3
13a_3975,2
13a_3976,2
13a_3977,1
13a_3978,1
13a_3979,3
13a_3980,2
13a_3981,2
13a_3982,2
13a_3983,1
13a_3984,0
13a_3985,1
13a_3986,1
13a_3987,1
13a_3988,1
13a_3989,1
13a_3990,1
13a_3992,2
13a_3993,1
13a_3994,0
13a_3995,1
13a_3996,1
13a_3997,1
13a_3998,1
13a_3999,1
13a_4000,1
13a_4001,2
13a_4002,1
13a_4003,2
13a_4004,1
13a_4005,2
13a_4006,2
13a_4007,1
13a_4008,1
13a_4009,1
13a_4010,1
13a_4011,2
13a_4012,1
13a_4013,2
13a_4014,1
13a_4015,1
13a_4016,2
13a_4018,1
13a_4019,1
13a_4020,1
13a_4021,1
13a_4022,1
13a_4023,1
13a_4024,1
13a_4025,2
13a_4026,1
13a_4027,1
13a_4028,1
13a_4029,1
13a_4030,1
13a_4031,1
13a_4032,1
13a_4033,1
13a_4034,2
13a_4035,1
13a_4036,1
13a_4037,1
13a_4038,1
13a_4039,1
13a_4040,0
13a_4041,3
13a_4042,2
13a_4044,1
13a_4045,1
13a_4046,1
13a_4047,1
13a_4048,1
13a_4049,1
13a_4050,1
13a_4051,1
13a_4052,1
13a_4053,1
13a_4054,3
13a_4055,1
13a_4056,1
13a_4057,2
13a_4058,2
13a_4059,1
13a_4060,2
13a_4061,1
13a_4062,1
13a_4063,1
13a_4064,1
13a_4065,1
13a_4066,1
13a_4067,0
13a_4068,4
13a_4070,1
13a_4071,0
13a_4072,1
13a_4073,1
13a_4074,1
13a_4075,1
13a_4076,1
13a_4077,1
13a_4078,1
13a_4079,1
13a_4080,2
13a_4081,1
13a_4082,1
13a_4083,4
13a_4084,3
13a_4085,4
13a_4086,3
13a_4087,3
13a_4088,2
13a_4089,1
13a_4090,3
13a_4091,2
13a_4092,1
13a_4093,2
13a_4094,0
13a_4096,2
13a_4097,1
13a_4098,1
13a_4099,3
13a_4100,1
13a_4101,2
13a_4102,1
13a_4103,1
13a_4104,2
13a_4105,3
13a_4106,2
13a_4107,2
13a_4108,2
13a_4109,1
13a_4110,1
13a_4111,2
13a_4112,1
13a_4113,2
13a_4114,2
13a_4115,1
13a_4116,1
13a_4117,2
13a_4118,1
13a_4119,1
13a_4120,2
13a_4122,2
13a_4123,2
13a_4124,1
13a_4125,1
13a_4126,1
13a_4127,1
13a_4128,1
13a_4129,1
13a_4130,1
13a_4131,1
13a_4132,1
13a_4133,0
13a_4134,2
13a_4135,1
13a_4136,1
13a_4137,1
13a_4138,1
13a_4139,1
13a_4140,1
13a_4141,1
13a_4142,1
13a_4143,1
13a_4144,2
13a_4145,1
13a_4146,1
13a_4148,1
13a_4149,1
13a_4150,1
13a_4151,1
13a_4152,1
13a_4153,2
13a_4154,1
13a_4155,2
13a_4156,2
13a_4157,1
13a_4158,1
13a_4159,1
13a_4160,1
13a_4161,1
13a_4162,1
13a_4163,1
13a_4164,2
13a_4165,1
13a_4166,1
13a_4167,1
13a_4168,1
13a_4169,1
13a_4170,1
13a_4171,3
13a_4172,2
13a_4174,2
13a_4175,1
13a_4176,1
13a_4177,1
13a_4178,1
13a_4179,1
13a_4180,1
13a_4181,1
13a_4182,1
13a_4183,1
13a_4184,[1;2]
13a_4185,2
13a_4186,1
13a_4187,0
13a_4188,2
13a_4189,1
13a_4190,3
13a_4191,2
13a_4192,2
13a_4193,2
13a_4194,2
13a_4195,3
13a_4196,2
13a_4197,1
13a_4198,2
13a_4200,2
13a_4201,3
13a_4202,2
13a_4203,2
13a_4204,1
13a_4205,1
13a_4206,3
13a_4207,2
13a_4208,1
13a_4209,1
13a_4210,1
13a_4211,1
13a_4212,4
13a_4213,3
13a_4214,2
13a_4215,3
13a_4216,2
13a_4217,3
13a_4218,2
13a_4219,2
13a_4220,1
13a_4221,1
13a_4222,0
13a_4223,1
13a_4224,1
13a_4226,1
13a_4227,1
13a_4228,1
13a_4229,1
13a_4230,2
13a_4231,2
13a_4232,2
13a_4233,2
13a_4234,1
13a_4235,1
13a_4236,1
13a_4237,1
13a_4238,1
13a_4239,2
13a_4240,1
13a_4241,1
13a_4242,1
13a_4243,1
13a_4244,1
13a_4245,1
13a_4246,1
13a_4247,1
13a_4248,1
13a_4249,1
13a_4250,1
13a_4252,2
13a_4253,1
13a_4254,1
13a_4255,1
13a_4256,1
13a_4257,1
13a_4258,1
13a_4259,3
13a_4260,1
13a_4261,1
13a_4262,1
13a_4263,1
13a_4264,1
13a_4265,1
13a_4266,1
13a_4267,2
13a_4268,1
13a_4269,1
13a_4270,2
13a_4271,1
13a_4272,1
13a_4273,3
13a_4274,2
13a_4275,2
13a_4276,1
13a_4278,1
13a_4279,1
13a_4280,1
13a_4281,2
13a_4282,1
13a_4283,1
13a_4284,1
13a_4285,1
13a_4286,1
13a_4287,1
13a_4288,1
13a_4289,1
13a_4290,1
13a_4291,2
13a_4292,3
13a_4293,2
13a_4294,1
13a_4295,2
13a_4296,1
13a_4297,3
13a_4298,2
13a_4299,1
13a_4300,1
13a_4301,1
13a_4302,4
13a_4304,2
13a_4305,2
13a_4306,3
13a_4307,1
13a_4308,2
13a_4309,1
13a_4310,2
13a_4311,1
13a_4312,4
13a_4313,3
13a_4314,3
13a_4315,2
13a_4316,4
13a_4317,3
13a_4318,3
13a_4319,1
13a_4320,2
13a_4321,3
13a_4322,2
13a_4323,3
13a_4324,2
13a_4325,2
13a_4326,2
13a_4327,4
13a_4328,3
13a_4330,2
13a_4331,4
13a_4332,3
13a_4333,2
13a_4334,1
13a_4335,2
13a_4336,2
13a_4337,1
13a_4338,1
13a_4339,1
13a_4340,1
13a_4341,2
13a_4342,1
13a_4343,1
13a_4344,1
13a_4345,1
13a_4346,2
13a_4347,1
13a_4348,2
13a_4349,1
13a_4350,1
13a_4351,1
13a_4352,1
13a_4353,1
13a_4354,1
13a_4356,1
13a_4357,1
13a_4358,2
13a_4359,1
13a_4360,1
13a_4361,1
13a_4362,1
13a_4363,1
13a_4364,1
13a_4365,3
13a_4366,3
13a_4367,1
13a_4368,4
13a_4369,3
13a_4370,1
13a_4371,1
13a_4372,1
13a_4373,1
13a_4374,1
13a_4375,1
13a_4376,1
13a_4377,1
13a_4378,1
13a_4379,4
13a_4380,3
13a_4382,3
13a_4383,3
13a_4384,3
13a_4385,2
13a_4386,4
13a_4387,3
13a_4388,3
13a_4389,1
13a_4390,2
13a_4391,2
13a_4392,2
13a_4393,1
13a_4394,1
13a_4395,3
13a_4396,2
13a_4397,2
13a_4398,1
13a_4399,1
13a_4400,1
13a_4401,1
13a_4402,1
13a_4403,1
13a_4404,2
13a_4405,1
13a_4406,2
13a_4408,1
13a_4409,1
13a_4410,1
13a_4411,1
13a_4412,1
13a_4413,1
13a_4414,2
13a_4415,1
13a_4416,1
13a_4417,1
13a_4418,1
13a_4419,1
13a_4420,1
13a_4421,2
13a_4422,2
13a_4423,1
13a_4424,1
13a_4425,2
13a_4426,1
13a_4427,1
13a_4428,1
13a_4429,1
13a_4430,1
13a_4431,1
13a_4432,3
13a_4434,3
13a_4435,2
13a_4436,2
13a_4437,1
13a_4438,2
13a_4439,1
13a_4440,1
13a_4441,1
13a_4442,1
13a_4443,1
13a_4444,1
13a_4445,1
13a_4446,0
13a_4447,1
13a_4448,1
13a_4449,1
13a_4450,1
13a_4451,1
13a_4452,1
13a_4453,3
13a_4454,2
13a_4455,1
13a_4456,1
13a_4457,1
13a_4458,2
13a_4460,2
13a_4461,2
13a_4462,1
13a_4463,1
13a_4464,3
13a_4465,2
13a_4466,1
13a_4467,2
13a_4468,2
13a_4469,1
13a_4470,1
13a_4471,1
13a_4472,1
13a_4473,1
13a_4474,1
13a_4475,1
13a_4476,2
13a_4477,1
13a_4478,2
13a_4479,1
13a_4480,1
13a_4481,1
13a_4482,1
13a_4483,2
13a_4484,1
13a_4486,1
13a_4487,2
13a_4488,3
13a_4489,2
13a_4490,2
13a_4491,1
13a_4492,3
13a_4493,2
13a_4494,1
13a_4495,1
13a_4496,1
13a_4497,1
13a_4498,1
13a_4499,1
13a_4500,1
13a_4501,1
13a_4502,1
13a_4503,1
13a_4504,1
13a_4505,1
13a_4506,2
13a_4507,1
13a_4508,2
13a_4509,3
13a_4510,2
13a_4512,1
13a_4513,1
13a_4514,2
13a_4515,1
13a_4516,1
13a_4517,1
13a_4518,1
13a_4519,2
13a_4520,1
13a_4521,2
13a_4522,1
13a_4523,1
13a_4524,1
13a_4525,1
13a_4526,1
13a_4527,3
13a_4528,2
13a_4529,2
13a_4530,2
13a_4531,2
13a_4532,1
13a_4533,1
13a_4534,2
13a_4535,1
13a_4536,1
13a_4538,3
13a_4539,2
13a_4540,2
13a_4541,1
13a_4542,1
13a_4543,1
13a_4544,1
13a_4545,1
13a_4546,1
13a_4547,5
13a_4548,4
13a_4549,4
13a_4550,4
13a_4551,3
13a_4552,3
13a_4553,3
13a_4554,2
13a_4555,3
13a_4556,2
13a_4557,1
13a_4558,5
13a_4559,4
13a_4560,4
13a_4561,3
13a_4562,4
13a_4564,3
13a_4565,2
13a_4566,4
13a_4567,3
13a_4568,4
13a_4569,3
13a_4570,3
13a_4571,2
13a_4572,2
13a_4573,1
13a_4574,3
13a_4575,2
13a_4576,3
13a_4577,2
13a_4578,1
13a_4579,2
13a_4580,2
13a_4581,1
13a_4582,1
13a_4583,1
13a_4584,2
13a_4585,1
13a_4586,1
13a_4587,1
13a_4588,1
13a_4590,1
13a_4591,1
13a_4592,1
13a_4593,1
13a_4594,1
13a_4595,3
13a_4596,0
13a_4597,1
13a_4598,1
13a_4599,2
13a_4600,1
13a_4601,1
13a_4602,1
13a_4603,1
13a_4604,1
13a_4605,1
13a_4606,1
13a_4607,3
13a_4608,2
13a_4609,2
13a_4610,1
13a_4611,1
13a_4612,1
13a_4613,1
13a_4614,2
13a_4616,1
13a_4617,2
13a_4618,0
13a_4619,1
13a_4620,1
13a_4621,1
13a_4622,3
13a_4623,3
13a_4624,2
13a_4625,1
13a_4626,2
13a_4627,1
13a_4628,1
13a_4629,1
13a_4630,0
13a_4631,1
13a_4632,1
13a_4633,2
13a_4634,1
13a_4635,1
13a_4636,2
13a_4637,1
13a_4638,1
13a_4639,1
13a_4640,1
13a_4642,1
13a_4643,3
13a_4644,1
13a_4645,2
13a_4646,2
13a_4647,1
13a_4648,1
13a_4649,1
13a_4650,1
13a_4651,2
13a_4652,1
13a_4653,2
13a_4654,1
13a_4655,2
13a_4656,2
13a_4657,1
13a_4658,3
13a_4659,2
13a_4660,2
13a_4661,1
13a_4662,1
13a_4663,1
13a_4664,1
13a_4665,2
13a_4666,1
13a_4668,1
13a_4669,1
13a_4670,1
13a_4671,1
13a_4672,1
13a_4673,1
13a_4674,1
13a_4675,1
13a_4676,1
13a_4677,1
13a_4678,1
13a_4679,1
13a_4680,1
13a_4681,1
13a_4682,2
13a_4683,1
13a_4684,1
13a_4685,2
13a_4686,1
13a_4687,0
13a_4688,1
13a_4689,1
13a_4690,1
13a_4691,1
13a_4692,1
13a_4694,1
13a_4695,1
13a_4696,1
13a_4697,3
13a_4698,3
13a_4699,2
13a_4700,1
13a_4701,1
13a_4702,2
13a_4703,2
13a_4704,2
13a_4705,2
13a_4706,1
13a_4707,1
13a_4708,2
13a_4709,3
13a_4710,1
13a_4711,1
13a_4712,1
13a_4713,2
13a_4714,1
13a_4715,1
13a_4716,1
13a_4717,2
13a_4718,1
13a_4720,1
13a_4721,1
13a_4722,1
13a_4723,2
13a_4724,2
13a_4725,1
13a_4726,2
13a_4727,2
13a_4728,2
13a_4729,1
13a_4730,1
13a_4731,2
13a_4732,1
13a_4733,1
13a_4734,2
13a_4735,1
13a_4736,1
13a_4737,3
13a_4738,1
13a_4739,5
13a_4740,4
13a_4741,3
13a_4742,2
13a_4743,1
13a_4744,1
13a_4746,1
13a_4747,3
13a_4748,1
13a_4749,1
13a_4750,3
13a_4751,2
13a_4752,1
13a_4753,1
13a_4754,1
13a_4755,1
13a_4756,2
13a_4757,3
13a_4758,2
13a_4759,1
13a_4760,1
13a_4761,2
13a_4762,1
13a_4763,4
13a_4764,3
13a_4765,3
13a_4766,2
13a_4767,3
13a_4768,2
13a_4769,2
13a_4770,4
13a_4772,3
13a_4773,2
13a_4774,3
13a_4775,1
13a_4776,2
13a_4777,2
13a_4778,2
13a_4779,0
13a_4780,3
13a_4781,2
13a_4782,2
13a_4783,1
13a_4784,2
13a_4785,1
13a_4786,1
13a_4787,4
13a_4788,3
13a_4789,3
13a_4790,2
13a_4791,2
13a_4792,2
13a_4793,1
13a_4794,1
13a_4795,3
13a_4796,2
13a_4798,1
13a_4799,4
13a_4800,3
13a_4801,4
13a_4802,3
13a_4803,2
13a_4804,1
13a_4805,3
13a_4806,2
13a_4807,2
13a_4808,1
13a_4809,3
13a_4810,2
13a_4811,1
13a_4812,3
13a_4813,2
13a_4814,2
13a_4815,2
13a_4816,1
13a_4817,2
13a_4818,1
13a_4819,3
13a_4820,2
13a_4821,3
13a_4822,5
13a_4824,4
13a_4825,3
13a_4826,4
13a_4827,3
13a_4828,5
13a_4829,4
13a_4830,4
13a_4831,3
13a_4832,4
13a_4833,3
13a_4834,3
13a_4835,2
13a_4836,2
13a_4837,3
13a_4838,2
13a_4839,3
13a_4840,2
13a_4841,3
13a_4842,2
13a_4843,1
13a_4844,1
13a_4845,1
13a_4846,1
13a_4847,1
13a_4848,1
13a_4850,3
13a_4851,2
13a_4852,3
13a_4853,2
13a_4854,3
13a_4855,2
13a_4856,1
13a_4857,2
13a_4858,4
13a_4859,3
13a_4860,3
13a_4861,2
13a_4862,5
13a_4863,4
13a_4864,4
13a_4865,3
13a_4866,4
13a_4867,3
13a_4868,3
13a_4869,2
13a_4870,3
13a_4871,2
13a_4872,2
13a_4873,1
13a_4874,5
13a_4876,3
13a_4877,2
13a_4878,6
13n_1,1
13n_2,1
13n_3,0
13n_4,1
13n_5,2
13n_6,1
13n_7,1
13n_8,1
13n_9,1
13n_10,1
13n_11,2
13n_12,3
13n_13,2
13n_14,1
13n_15,2
13n_16,1
13n_17,1
13n_18,2
13n_19,3
13n_20,1
13n_21,1
13n_22,1
13n_24,2
13n_25,1
13n_26,3
13n_27,1
13n_28,2
13n_29,3
13n_30,2
13n_31,1
13n_32,2
13n_33,1
13n_34,2
13n_35,1
13n_36,1
13n_37,0
13n_38,0
13n_39,1
13n_40,1
13n_41,1
13n_42,2
13n_43,2
13n_44,3
13n_45,2
13n_46,2
13n_47,2
13n_48,1
13n_50,1
13n_51,1
13n_52,1
13n_53,1
13n_54,2
13n_55,3
13n_56,4
13n_57,1
13n_58,2
13n_59,3
13n_60,2
13n_61,2
13n_62,1
13n_63,1
13n_64,1
13n_65,[0;1]
13n_66,1
13n_67,1
13n_68,1
13n_69,1
13n_70,1
13n_71,0
13n_72,0
13n_73,1
13n_74,2
13n_76,3
13n_77,2
13n_78,1
13n_79,3
13n_80,2
13n_81,1
13n_82,2
13n_83,1
13n_84,1
13n_85,1
13n_86,0
13n_87,1
13n_88,1
13n_89,1
13n_90,2
13n_91,3
13n_92,2
13n_93,1
13n_94,1
13n_95,1
13n_96,1
13n_97,1
13n_98,3
13n_99,1
13n_100,1
13n_102,1
13n_103,2
13n_104,1
13n_105,2
13n_106,1
13n_107,2
13n_108,3
13n_109,2
13n_110,1
13n_111,2
13n_112,1
13n_113,1
13n_114,1
13n_115,1
13n_116,0
13n_117,1
13n_118,1
13n_119,2
13n_120,2
13n_121,1
13n_122,1
13n_123,1
13n_124,0
13n_125,1
13n_126,3
13n_128,2
13n_129,1
13n_130,1
13n_131,2
13n_132,3
13n_133,4
13n_134,1
13n_135,2
13n_136,3
13n_137,1
13n_138,1
13n_139,1
13n_140,2
13n_141,1
13n_142,2
13n_143,1
13n_144,1
13n_145,1
13n_146,2
13n_147,1
13n_148,0
13n_149,1
13n_150,2
13n_151,3
13n_152,2
13n_154,2
13n_155,3
13n_156,2
13n_157,1
13n_158,1
13n_159,1
13n_160,1
13n_161,0
13n_162,2
13n_163,1
13n_164,0
13n_165,1
13n_166,1
13n_167,1
13n_168,1
13n_169,2
13n_170,2
13n_171,1
13n_172,1
13n_173,1
13n_174,1
13n_175,2
13n_176,1
13n_177,1
13n_178,1
13n_180,1
13n_181,2
13n_182,1
13n_183,2
13n_184,3
13n_185,4
13n_186,1
13n_187,2
13n_188,3
13n_189,1
13n_190,2
13n_191,3
13n_192,3
13n_193,2
13n_194,2
13n_195,1
13n_196,2
13n_197,1
13n_198,1
13n_199,1
13n_200,2
13n_201,1
13n_202,1
13n_203,1
13n_204,2
13n_206,2
13n_207,3
13n_208,2
13n_209,1
13n_210,1
13n_211,2
13n_212,1
13n_213,1
13n_214,2
13n_215,1
13n_216,1
13n_217,1
13n_218,3
13n_219,1
13n_220,1
13n_221,1
13n_222,2
13n_223,1
13n_224,4
13n_225,2
13n_226,3
13n_227,1
13n_228,2
13n_229,1
13n_230,1
13n_232,2
13n_233,1
13n_234,1
13n_235,2
13n_236,1
13n_237,1
13n_238,1
13n_239,1
13n_240,1
13n_241,5
13n_242,2
13n_243,1
13n_244,1
13n_245,2
13n_246,3
13n_247,2
13n_248,1
13n_249,1
13n_250,1
13n_251,2
13n_252,1
13n_253,1
13n_254,1
13n_255,2
13n_256,1
13n_258,2
13n_259,3
13n_260,2
13n_261,1
13n_262,1
13n_263,1
13n_264,1
13n_265,2
13n_266,4
13n_267,1
13n_268,2
13n_269,2
13n_270,3
13n_271,1
13n_272,1
13n_273,1
13n_274,2
13n_275,1
13n_276,1
13n_277,3
13n_278,1
13n_279,1
13n_280,2
13n_281,1
13n_282,1
13n_284,3
13n_285,2
13n_286,1
13n_287,2
13n_288,1
13n_289,1
13n_290,1
13n_291,2
13n_292,1
13n_293,1
13n_294,2
13n_295,1
13n_296,1
13n_297,1
13n_298,1
13n_299,1
13n_300,5
13n_301,2
13n_302,1
13n_303,1
13n_304,2
13n_305,3
13n_306,1
13n_307,1
13n_308,2
13n_310,2
13n_311,1
13n_312,2
13n_313,1
13n_314,1
13n_315,1
13n_316,1
13n_317,2
13n_318,1
13n_319,1
13n_320,1
13n_321,2
13n_322,1
13n_323,1
13n_324,1
13n_325,2
13n_326,1
13n_327,1
13n_328,2
13n_329,1
13n_330,1
13n_331,1
13n_332,3
13n_333,2
13n_334,1
13n_336,1
13n_337,0
13n_338,2
13n_339,2
13n_340,1
13n_341,1
13n_342,1
13n_343,1
13n_344,1
13n_345,1
13n_346,1
13n_347,2
13n_348,1
13n_349,1
13n_350,2
13n_351,0
13n_352,1
13n_353,1
13n_354,3
13n_355,0
13n_356,1
13n_357,1
13n_358,1
13n_359,1
13n_360,2
13n_362,2
13n_363,1
13n_364,2
13n_365,2
13n_366,1
13n_367,1
13n_368,2
13n_369,1
13n_370,2
13n_371,1
13n_372,1
13n_373,2
13n_374,1
13n_375,1
13n_376,2
13n_377,1
13n_378,3
13n_379,1
13n_380,2
13n_381,1
13n_382,1
13n_383,2
13n_384,2
13n_385,1
13n_386,1
13n_388,1
13n_389,1
13n_390,1
13n_391,2
13n_392,1
13n_393,3
13n_394,1
13n_395,1
13n_396,1
13n_397,1
13n_398,1
13n_399,1
13n_400,1
13n_401,1
13n_402,2
13n_403,0
13n_404,1
13n_405,0
13n_406,1
13n_407,2
13n_408,1
13n_409,3
13n_410,1
13n_411,1
13n_412,1
13n_414,1
13n_415,0
13n_416,1
13n_417,0
13n_418,1
13n_419,2
13n_420,1
13n_421,3
13n_422,1
13n_423,1
13n_424,1
13n_425,2
13n_426,1
13n_427,1
13n_428,2
13n_429,4
13n_430,2
13n_431,2
13n_432,1
13n_433,3
13n_434,1
13n_435,1
13n_436,0
13n_437,2
13n_438,3
13n_440,0
13n_441,1
13n_442,4
13n_443,1
13n_444,1
13n_445,2
13n_446,1
13n_447,0
13n_448,1
13n_449,0
13n_450,1
13n_451,2
13n_452,1
13n_453,1
13n_454,1
13n_455,2
13n_456,1
13n_457,1
13n_458,3
13n_459,[1;2]
13n_460,1
13n_461,2
13n_462,1
13n_463,1
13n_464,1
13n_466,2
13n_467,1
13n_468,1
13n_469,0
13n_470,1
13n_471,2
13n_472,1
13n_473,2
13n_474,1
13n_475,1
13n_476,2
13n_477,1
13n_478,1
13n_479,3
13n_480,1
13n_481,1
13n_482,2
13n_483,1
13n_484,1
13n_485,0
13n_486,3
13n_487,1
13n_488,1
13n_489,2
13n_490,1
13n_492,2
13n_493,1
13n_494,1
13n_495,2
13n_496,1
13n_497,1
13n_498,1
13n_499,2
13n_500,2
13n_501,1
13n_502,2
13n_503,1
13n_504,3
13n_505,1
13n_506,2
13n_507,1
13n_508,2
13n_509,1
13n_510,1
13n_511,1
13n_512,2
13n_513,0
13n_514,1
13n_515,1
13n_516,3
13n_518,0
13n_519,1
13n_520,1
13n_521,1
13n_522,1
13n_523,2
13n_524,1
13n_525,1
13n_526,1
13n_527,1
13n_528,3
13n_529,1
13n_530,1
13n_531,1
13n_532,1
13n_533,2
13n_534,3
13n_535,1
13n_536,1
13n_537,3
13n_538,1
13n_539,1
13n_540,2
13n_541,1
13n_542,1
13n_544,1
13n_545,1
13n_546,2
13n_547,1
13n_548,1
13n_549,3
13n_550,1
13n_551,1
13n_552,1
13n_553,2
13n_554,1
13n_555,2
13n_556,1
13n_557,1
13n_558,1
13n_559,1
13n_560,1
13n_561,1
13n_562,0
13n_563,1
13n_564,3
13n_565,1
13n_566,1
13n_567,1
13n_568,1
13n_570,1
13n_571,1
13n_572,1
13n_573,2
13n_574,1
13n_575,1
13n_576,1
13n_577,1
13n_578,1
13n_579,0
13n_580,1
13n_581,1
13n_582,1
13n_583,1
13n_584,2
13n_585,1
13n_586,1
13n_587,1
13n_588,3
13n_589,1
13n_590,1
13n_591,1
13n_592,1
13n_593,2
13n_594,2
13n_596,4
13n_597,2
13n_598,1
13n_599,1
13n_600,1
13n_601,2
13n_602,2
13n_603,2
13n_604,5
13n_605,2
13n_606,1
13n_607,1
13n_608,1
13n_609,1
13n_610,1
13n_611,0
13n_612,0
13n_613,1
13n_614,1
13n_615,1
13n_616,3
13n_617,1
13n_618,1
13n_619,1
13n_620,1
13n_622,1
13n_623,2
13n_624,3
13n_625,1
13n_626,1
13n_627,2
13n_628,1
13n_629,2
13n_630,1
13n_631,3
13n_632,1
13n_633,1
13n_634,1
13n_635,1
13n_636,1
13n_637,1
13n_638,1
13n_639,2
13n_640,1
13n_641,3
13n_642,0
13n_643,1
13n_644,1
13n_645,3
13n_646,1
13n_648,1
13n_649,2
13n_650,1
13n_651,2
13n_652,3
13n_653,1
13n_654,2
13n_655,1
13n_656,2
13n_657,1
13n_658,1
13n_659,0
13n_660,1
13n_661,2
13n_662,1
13n_663,1
13n_664,3
13n_665,1
13n_666,1
13n_667,1
13n_668,2
13n_669,3
13n_670,2
13n_671,1
13n_672,1
13n_674,1
13n_675,2
13n_676,2
13n_677,1
13n_678,1
13n_679,1
13n_680,3
13n_681,1
13n_682,1
13n_683,1
13n_684,2
13n_685,1
13n_686,2
13n_687,1
13n_688,1
13n_689,1
13n_690,2
13n_691,2
13n_692,1
13n_693,1
13n_694,3
13n_695,1
13n_696,1
13n_697,3
13n_698,1
13n_700,1
13n_701,2
13n_702,1
13n_703,1
13n_704,1
13n_705,1
13n_706,1
13n_707,2
13n_708,1
13n_709,3
13n_710,1
13n_711,2
13n_712,1
13n_713,1
13n_714,1
13n_715,1
13n_716,2
13n_717,1
13n_718,1
13n_719,4
13n_720,1
13n_721,2
13n_722,1
13n_723,1
13n_724,3
13n_726,1
13n_727,2
13n_728,1
13n_729,2
13n_730,4
13n_731,3
13n_732,1
13n_733,1
13n_734,2
13n_735,2
13n_736,1
13n_737,0
13n_738,1
13n_739,3
13n_740,1
13n_741,1
13n_742,1
13n_743,1
13n_744,2
13n_745,1
13n_746,1
13n_747,1
13n_748,1
13n_749,2
13n_750,1
13n_752,1
13n_753,2
13n_754,1
13n_755,2
13n_756,0
13n_757,0
13n_758,3
13n_759,1
13n_760,1
13n_761,1
13n_762,1
13n_763,2
13n_764,1
13n_765,2
13n_766,3
13n_767,1
13n_768,2
13n_769,1
13n_770,4
13n_771,2
13n_772,1
13n_773,3
13n_774,2
13n_775,1
13n_776,3
13n_778,2
13n_779,0
13n_780,1
13n_781,1
13n_782,2
13n_783,0
13n_784,0
13n_785,1
13n_786,1
13n_787,3
13n_788,1
13n_789,1
13n_790,1
13n_791,2
13n_792,4
13n_793,1
13n_794,1
13n_795,0
13n_796,2
13n_797,2
13n_798,1
13n_799,2
13n_800,1
13n_801,1
13n_802,3
13n_804,1
13n_805,2
13n_806,1
13n_807,1
13n_808,1
13n_809,2
13n_810,1
13n_811,1
13n_812,1
13n_813,1
13n_814,1
13n_815,2
13n_816,1
13n_817,1
13n_818,3
13n_819,1
13n_820,1
13n_821,2
13n_822,1
13n_823,2
13n_824,1
13n_825,2
13n_826,1
13n_827,1
13n_828,1
13n_830,1
13n_831,3
13n_832,2
13n_833,4
13n_834,1
13n_835,0
13n_836,1
13n_837,1
13n_838,1
13n_839,2
13n_840,1
13n_841,2
13n_842,1
13n_843,1
13n_844,1
13n_845,1
13n_846,1
13n_847,1
13n_848,2
13n_849,1
13n_850,1
13n_851,2
13n_852,2
13n_853,3
13n_854,1
13n_856,1
13n_857,2
13n_858,2
13n_859,1
13n_860,1
13n_861,1
13n_862,3
13n_863,[1;2]
13n_864,1
13n_865,2
13n_866,1
13n_867,1
13n_868,2
13n_869,1
13n_870,2
13n_871,1
13n_872,1
13n_873,1
13n_874,3
13n_875,1
13n_876,1
13n_877,2
13n_878,1
13n_879,1
13n_880,1
13n_882,0
13n_883,4
13n_884,2
13n_885,2
13n_886,0
13n_887,0
13n_888,2
13n_889,2
13n_890,1
13n_891,2
13n_892,1
13n_893,1
13n_894,2
13n_895,1
13n_896,0
13n_897,2
13n_898,1
13n_899,1
13n_900,2
13n_901,1
13n_902,1
13n_903,1
13n_904,1
13n_905,2
13n_906,1
13n_908,1
13n_909,1
13n_910,1
13n_911,1
13n_912,2
13n_913,1
13n_914,1
13n_915,3
13n_916,2
13n_917,0
13n_918,1
13n_919,2
13n_920,2
13n_921,1
13n_922,0
13n_923,1
13n_924,3
13n_925,1
13n_926,1
13n_927,2
13n_928,1
13n_929,2
13n_930,4
13n_931,1
13n_932,1
13n_934,1
13n_935,2
13n_936,1
13n_937,2
13n_938,1
13n_939,0
13n_940,1
13n_941,2
13n_942,1
13n_943,2
13n_944,1
13n_945,1
13n_946,1
13n_947,2
13n_948,1
13n_949,3
13n_950,1
13n_951,1
13n_952,3
13n_953,1
13n_954,1
13n_955,0
13n_956,1
13n_957,1
13n_958,3
13n_960,1
13n_961,4
13n_962,2
13n_963,1
13n_964,1
13n_965,3
13n_966,1
13n_967,1
13n_968,1
13n_969,1
13n_970,1
13n_971,2
13n_972,2
13n_973,0
13n_974,2
13n_975,1
13n_976,1
13n_977,4
13n_978,1
13n_979,1
13n_980,1
13n_981,5
13n_982,3
13n_983,2
13n_984,1
13n_986,3
13n_987,2
13n_988,1
13n_989,1
13n_990,1
13n_991,1
13n_992,1
13n_993,2
13n_994,1
13n_995,2
13n_996,1
13n_997,1
13n_998,1
13n_999,1
13n_1000,1
13n_1001,2
13n_1002,1
13n_1003,2
13n_1004,1
13n_1005,1
13n_1006,2
13n_1007,1
13n_1008,3
13n_1009,1
13n_1010,1
13n_1012,1
13n_1013,1
13n_1014,1
13n_1015,3
13n_1016,1
13n_1017,1
13n_1018,2
13n_1019,0
13n_1020,1
13n_1021,1
13n_1022,2
13n_1023,1
13n_1024,2
13n_1025,1
13n_1026,0
13n_1027,0
13n_1028,1
13n_1029,2
13n_1030,2
13n_1031,1
13n_1032,1
13n_1033,1
13n_1034,1
13n_1035,1
13n_1036,1
13n_1038,1
13n_1039,1
13n_1040,1
13n_1041,1
13n_1042,1
13n_1043,2
13n_1044,1
13n_1045,1
13n_1046,1
13n_1047,2
13n_1048,1
13n_1049,3
13n_1050,1
13n_1051,1
13n_1052,3
13n_1053,1
13n_1054,1
13n_1055,1
13n_1056,2
13n_1057,1
13n_1058,2
13n_1059,1
13n_1060,4
13n_1061,1
13n_1062,1
13n_1064,2
13n_1065,3
13n_1066,2
13n_1067,1
13n_1068,0
13n_1069,1
13n_1070,1
13n_1071,1
13n_1072,2
13n_1073,1
13n_1074,1
13n_1075,3
13n_1076,1
13n_1077,2
13n_1078,1
13n_1079,3
13n_1080,2
13n_1081,4
13n_1082,1
13n_1083,1
13n_1084,1
13n_1085,1
13n_1086,2
13n_1087,1
13n_1088,2
13n_1090,1
13n_1091,2
13n_1092,1
13n_1093,3
13n_1094,1
13n_1095,2
13n_1096,1
13n_1097,2
13n_1098,1
13n_1099,1
13n_1100,2
13n_1101,1
13n_1102,0
13n_1103,1
13n_1104,5
13n_1105,3
13n_1106,2
13n_1107,2
13n_1108,1
13n_1109,1
13n_1110,3
13n_1111,1
13n_1112,2
13n_1113,2
13n_1114,1
13n_1116,1
13n_1117,2
13n_1118,2
13n_1119,1
13n_1120,1
13n_1121,2
13n_1122,1
13n_1123,1
13n_1124,1
13n_1125,3
13n_1126,1
13n_1127,2
13n_1128,1
13n_1129,1
13n_1130,1
13n_1131,1
13n_1132,0
13n_1133,1
13n_1134,1
13n_1135,1
13n_1136,2
13n_1137,1
13n_1138,1
13n_1139,1
13n_1140,1
13n_1142,1
13n_1143,1
13n_1144,1
13n_1145,1
13n_1146,2
13n_1147,2
13n_1148,1
13n_1149,2
13n_1150,1
13n_1151,1
13n_1152,1
13n_1153,4
13n_1154,2
13n_1155,3
13n_1156,0
13n_1157,1
13n_1158,0
13n_1159,3
13n_1160,2
13n_1161,1
13n_1162,2
13n_1163,1
13n_1164,3
13n_1165,3
13n_1166,1
13n_1168,0
13n_1169,3
13n_1170,1
13n_1171,1
13n_1172,2
13n_1173,1
13n_1174,1
13n_1175,2
13n_1176,5
13n_1177,1
13n_1178,1
13n_1179,1
13n_1180,3
13n_1181,2
13n_1182,3
13n_1183,1
13n_1184,1
13n_1185,1
13n_1186,1
13n_1187,2
13n_1188,1
13n_1189,2
13n_1190,1
13n_1191,0
13n_1192,2
13n_1194,0
13n_1195,4
13n_1196,0
13n_1197,1
13n_1198,0
13n_1199,3
13n_1200,2
13n_1201,1
13n_1202,1
13n_1203,1
13n_1204,3
13n_1205,2
13n_1206,3
13n_1207,2
13n_1208,1
13n_1209,0
13n_1210,1
13n_1211,2
13n_1212,1
13n_1213,1
13n_1214,1
13n_1215,1
13n_1216,3
13n_1217,1
13n_1218,2
13n_1220,1
13n_1221,2
13n_1222,3
13n_1223,1
13n_1224,1
13n_1225,2
13n_1226,1
13n_1227,2
13n_1228,1
13n_1229,2
13n_1230,1
13n_1231,1
13n_1232,1
13n_1233,1
13n_1234,3
13n_1235,1
13n_1236,1
13n_1237,3
13n_1238,2
13n_1239,3
13n_1240,2
13n_1241,2
13n_1242,1
13n_1243,2
13n_1244,1
13n_1246,1
13n_1247,1
13n_1248,3
13n_1249,1
13n_1250,1
13n_1251,2
13n_1252,2
13n_1253,1
13n_1254,2
13n_1255,1
13n_1256,3
13n_1257,2
13n_1258,1
13n_1259,1
13n_1260,1
13n_1261,3
13n_1262,2
13n_1263,1
13n_1264,2
13n_1265,1
13n_1266,3
13n_1267,2
13n_1268,1
13n_1269,1
13n_1270,2
13n_1272,1
13n_1273,2
13n_1274,2
13n_1275,1
13n_1276,1
13n_1277,1
13n_1278,2
13n_1279,1
13n_1280,2
13n_1281,1
13n_1282,1
13n_1283,3
13n_1284,1
13n_1285,1
13n_1286,1
13n_1287,1
13n_1288,2
13n_1289,1
13n_1290,1
13n_1291,5
13n_1292,3
13n_1293,2
13n_1294,4
13n_1295,2
13n_1296,1
13n_1298,2
13n_1299,3
13n_1300,2
13n_1301,4
13n_1302,2
13n_1303,1
13n_1304,1
13n_1305,2
13n_1306,1
13n_1307,1
13n_1308,3
13n_1309,1
13n_1310,2
13n_1311,1
13n_1312,1
13n_1313,0
13n_1314,1
13n_1315,2
13n_1316,0
13n_1317,1
13n_1318,1
13n_1319,3
13n_1320,5
13n_1321,3
13n_1322,2
13n_1324,2
13n_1325,2
13n_1326,1
13n_1327,3
13n_1328,1
13n_1329,2
13n_1330,1
13n_1331,1
13n_1332,3
13n_1333,1
13n_1334,2
13n_1335,1
13n_1336,0
13n_1337,1
13n_1338,1
13n_1339,1
13n_1340,2
13n_1341,3
13n_1342,1
13n_1343,1
13n_1344,2
13n_1345,2
13n_1346,1
13n_1347,1
13n_1348,2
13n_1350,1
13n_1351,1
13n_1352,2
13n_1353,1
13n_1354,1
13n_1355,1
13n_1356,1
13n_1357,0
13n_1358,1
13n_1359,1
13n_1360,1
13n_1361,1
13n_1362,2
13n_1363,1
13n_1364,1
13n_1365,2
13n_1366,1
13n_1367,0
13n_1368,1
13n_1369,1
13n_1370,1
13n_1371,1
13n_1372,2
13n_1373,1
13n_1374,1
13n_1376,1
13n_1377,1
13n_1378,0
13n_1379,1
13n_1380,4
13n_1381,3
13n_1382,3
13n_1383,2
13n_1384,4
13n_1385,4
13n_1386,3
13n_1387,1
13n_1388,1
13n_1389,1
13n_1390,2
13n_1391,0
13n_1392,0
13n_1393,2
13n_1394,1
13n_1395,2
13n_1396,1
13n_1397,1
13n_1398,1
13n_1399,1
13n_1400,1
13n_1402,1
13n_1403,1
13n_1404,2
13n_1405,1
13n_1406,2
13n_1407,1
13n_1408,1
13n_1409,1
13n_1410,1
13n_1411,2
13n_1412,2
13n_1413,1
13n_1414,2
13n_1415,2
13n_1416,3
13n_1417,1
13n_1418,1
13n_1419,1
13n_1420,2
13n_1421,2
13n_1422,1
13n_1423,2
13n_1424,1
13n_1425,1
13n_1426,2
13n_1428,1
13n_1429,1
13n_1430,1
13n_1431,1
13n_1432,1
13n_1433,1
13n_1434,1
13n_1435,1
13n_1436,1
13n_1437,3
13n_1438,1
13n_1439,1
13n_1440,1
13n_1441,1
13n_1442,1
13n_1443,1
13n_1444,1
13n_1445,0
13n_1446,1
13n_1447,1
13n_1448,3
13n_1449,1
13n_1450,1
13n_1451,1
13n_1452,2
13n_1454,1
13n_1455,1
13n_1456,2
13n_1457,1
13n_1458,1
13n_1459,0
13n_1460,1
13n_1461,1
13n_1462,1
13n_1463,2
13n_1464,1
13n_1465,1
13n_1466,1
13n_1467,1
13n_1468,1
13n_1469,1
13n_1470,1
13n_1471,2
13n_1472,1
13n_1473,1
13n_1474,0
13n_1475,1
13n_1476,1
13n_1477,2
13n_1478,2
13n_1480,1
13n_1481,0
13n_1482,1
13n_1483,1
13n_1484,2
13n_1485,1
13n_1486,1
13n_1487,0
13n_1488,1
13n_1489,3
13n_1490,1
13n_1491,2
13n_1492,1
13n_1493,2
13n_1494,1
13n_1495,2
13n_1496,1
13n_1497,1
13n_1498,2
13n_1499,2
13n_1500,1
13n_1501,2
13n_1502,1
13n_1503,2
13n_1504,3
13n_1506,3
13n_1507,2
13n_1508,1
13n_1509,1
13n_1510,3
13n_1511,2
13n_1512,1
13n_1513,1
13n_1514,2
13n_1515,1
13n_1516,3
13n_1517,4
13n_1518,1
13n_1519,2
13n_1520,3
13n_1521,2
13n_1522,2
13n_1523,1
13n_1524,2
13n_1525,1
13n_1526,1
13n_1527,1
13n_1528,3
13n_1529,2
13n_1530,1
13n_1532,1
13n_1533,3
13n_1534,4
13n_1535,3
13n_1536,1
13n_1537,1
13n_1538,1
13n_1539,2
13n_1540,1
13n_1541,1
13n_1542,1
13n_1543,2
13n_1544,3
13n_1545,2
13n_1546,1
13n_1547,1
13n_1548,0
13n_1549,1
13n_1550,1
13n_1551,1
13n_1552,1
13n_1553,1
13n_1554,1
13n_1555,1
13n_1556,1
13n_1558,2
13n_1559,1
13n_1560,2
13n_1561,1
13n_1562,1
13n_1563,1
13n_1564,1
13n_1565,1
13n_1566,2
13n_1567,1
13n_1568,1
13n_1569,2
13n_1570,1
13n_1571,3
13n_1572,1
13n_1573,2
13n_1574,0
13n_1575,1
13n_1576,1
13n_1577,2
13n_1578,1
13n_1579,2
13n_1580,1
13n_1581,2
13n_1582,1
13n_1584,2
13n_1585,1
13n_1586,1
13n_1587,1
13n_1588,1
13n_1589,1
13n_1590,3
13n_1591,4
13n_1592,2
13n_1593,3
13n_1594,2
13n_1595,3
13n_1596,1
13n_1597,2
13n_1598,0
13n_1599,1
13n_1600,2
13n_1601,1
13n_1602,2
13n_1603,0
13n_1604,1
13n_1605,2
13n_1606,1
13n_1607,0
13n_1608,0
13n_1610,1
13n_1611,2
13n_1612,1
13n_1613,1
13n_1614,0
13n_1615,1
13n_1616,0
13n_1617,2
13n_1618,1
13n_1619,1
13n_1620,2
13n_1621,1
13n_1622,3
13n_1623,1
13n_1624,1
13n_1625,1
13n_1626,1
13n_1627,1
13n_1628,1
13n_1629,1
13n_1630,0
13n_1631,1
13n_1632,0
13n_1633,1
13n_1634,1
13n_1636,3
13n_1637,3
13n_1638,1
13n_1639,1
13n_1640,1
13n_1641,1
13n_1642,1
13n_1643,4
13n_1644,1
13n_1645,0
13n_1646,1
13n_1647,1
13n_1648,2
13n_1649,3
13n_1650,0
13n_1651,1
13n_1652,2
13n_1653,1
13n_1654,2
13n_1655,3
13n_1656,1
13n_1657,1
13n_1658,1
13n_1659,1
13n_1660,2
13n_1662,2
13n_1663,3
13n_1664,0
13n_1665,1
13n_1666,0
13n_1667,1
13n_1668,2
13n_1669,2
13n_1670,1
13n_1671,1
13n_1672,1
13n_1673,1
13n_1674,0
13n_1675,2
13n_1676,1
13n_1677,1
13n_1678,1
13n_1679,1
13n_1680,0
13n_1681,3
13n_1682,2
13n_1683,1
13n_1684,2
13n_1685,3
13n_1686,1
13n_1688,1
13n_1689,1
13n_1690,0
13n_1691,1
13n_1692,1
13n_1693,1
13n_1694,1
13n_1695,1
13n_1696,3
13n_1697,1
13n_1698,1
13n_1699,1
13n_1700,1
13n_1701,1
13n_1702,1
13n_1703,4
13n_1704,1
13n_1705,1
13n_1706,3
13n_1707,2
13n_1708,1
13n_1709,3
13n_1710,1
13n_1711,1
13n_1712,2
13n_1714,1
13n_1715,2
13n_1716,2
13n_1717,1
13n_1718,2
13n_1719,2
13n_1720,1
13n_1721,0
13n_1722,1
13n_1723,1
13n_1724,1
13n_1725,1
13n_1726,1
13n_1727,1
13n_1728,1
13n_1729,3
13n_1730,4
13n_1731,1
13n_1732,2
13n_1733,0
13n_1734,0
13n_1735,2
13n_1736,1
13n_1737,1
13n_1738,1
13n_1740,1
13n_1741,2
13n_1742,3
13n_1743,1
13n_1744,1
13n_1745,2
13n_1746,1
13n_1747,3
13n_1748,2
13n_1749,1
13n_1750,2
13n_1751,1
13n_1752,0
13n_1753,2
13n_1754,2
13n_1755,2
13n_1756,0
13n_1757,0
13n_1758,2
13n_1759,1
13n_1760,2
13n_1761,1
13n_1762,2
13n_1763,1
13n_1764,0
13n_1766,1
13n_1767,1
13n_1768,3
13n_1769,2
13n_1770,2
13n_1771,1
13n_1772,2
13n_1773,3
13n_1774,1
13n_1775,1
13n_1776,2
13n_1777,1
13n_1778,2
13n_1779,3
13n_1780,1
13n_1781,1
13n_1782,2
13n_1783,1
13n_1784,3
13n_1785,1
13n_1786,2
13n_1787,1
13n_1788,3
13n_1789,2
13n_1790,2
13n_1792,2
13n_1793,1
13n_1794,2
13n_1795,3
13n_1796,1
13n_1797,1
13n_1798,1
13n_1799,1
13n_1800,1
13n_1801,2
13n_1802,2
13n_1803,1
13n_1804,1
13n_1805,0
13n_1806,2
13n_1807,0
13n_1808,1
13n_1809,1
13n_1810,1
13n_1811,2
13n_1812,2
13n_1813,1
13n_1814,1
13n_1815,1
13n_1816,1
13n_1818,2
13n_1819,0
13n_1820,1
13n_1821,1
13n_1822,1
13n_1823,1
13n_1824,1
13n_1825,2
13n_1826,2
13n_1827,1
13n_1828,1
13n_1829,0
13n_1830,1
13n_1831,1
13n_1832,1
13n_1833,1
13n_1834,1
13n_1835,1
13n_1836,0
13n_1837,1
13n_1838,3
13n_1839,1
13n_1840,1
13n_1841,0
13n_1842,1
13n_1844,1
13n_1845,1
13n_1846,2
13n_1847,1
13n_1848,1
13n_1849,0
13n_1850,2
13n_1851,3
13n_1852,1
13n_1853,1
13n_1854,1
13n_1855,1
13n_1856,1
13n_1857,1
13n_1858,1
13n_1859,1
13n_1860,1
13n_1861,1
13n_1862,2
13n_1863,1
13n_1864,1
13n_1865,1
13n_1866,1
13n_1867,2
13n_1868,1
13n_1870,2
13n_1871,2
13n_1872,1
13n_1873,1
13n_1874,1
13n_1875,1
13n_1876,2
13n_1877,1
13n_1878,2
13n_1879,2
13n_1880,1
13n_1881,2
13n_1882,1
13n_1883,1
13n_1884,1
13n_1885,1
13n_1886,1
13n_1887,1
13n_1888,1
13n_1889,1
13n_1890,1
13n_1891,2
13n_1892,1
13n_1893,1
13n_1894,2
13n_1896,1
13n_1897,2
13n_1898,1
13n_1899,1
13n_1900,1
13n_1901,1
13n_1902,2
13n_1903,1
13n_1904,1
13n_1905,4
13n_1906,2
13n_1907,3
13n_1908,1
13n_1909,3
13n_1910,1
13n_1911,1
13n_1912,2
13n_1913,1
13n_1914,1
13n_1915,1
13n_1916,2
13n_1917,1
13n_1918,1
13n_1919,0
13n_1920,2
13n_1922,0
13n_1923,1
13n_1924,1
13n_1925,1
13n_1926,2
13n_1927,3
13n_1928,4
13n_1929,3
13n_1930,1
13n_1931,1
13n_1932,1
13n_1933,3
13n_1934,2
13n_1935,1
13n_1936,3
13n_1937,3
13n_1938,2
13n_1939,1
13n_1940,1
13n_1941,1
13n_1942,1
13n_1943,1
13n_1944,1
13n_1945,1
13n_1946,1
13n_1948,1
13n_1949,3
13n_1950,2
13n_1951,1
13n_1952,2
13n_1953,1
13n_1954,4
13n_1955,1
13n_1956,1
13n_1957,1
13n_1958,1
13n_1959,2
13n_1960,1
13n_1961,3
13n_1962,1
13n_1963,3
13n_1964,1
13n_1965,1
13n_1966,1
13n_1967,1
13n_1968,1
13n_1969,1
13n_1970,1
13n_1971,0
13n_1972,1
13n_1974,1
13n_1975,2
13n_1976,3
13n_1977,3
13n_1978,2
13n_1979,1
13n_1980,2
13n_1981,2
13n_1982,1
13n_1983,1
13n_1984,1
13n_1985,1
13n_1986,2
13n_1987,3
13n_1988,1
13n_1989,0
13n_1990,1
13n_1991,1
13n_1992,1
13n_1993,2
13n_1994,1
13n_1995,0
13n_1996,3
13n_1997,1
13n_1998,3
13n_2000,1
13n_2001,2
13n_2002,2
13n_2003,1
13n_2004,1
13n_2005,1
13n_2006,1
13n_2007,2
13n_2008,1
13n_2009,2
13n_2010,1
13n_2011,2
13n_2012,1
13n_2013,2
13n_2014,1
13n_2015,1
13n_2016,4
13n_2017,3
13n_2018,2
13n_2019,4
13n_2020,1
13n_2021,1
13n_2022,1
13n_2023,3
13n_2024,1
13n_2026,2
13n_2027,1
13n_2028,1
13n_2029,1
13n_2030,2
13n_2031,4
13n_2032,1
13n_2033,1
13n_2034,1
13n_2035,1
13n_2036,0
13n_2037,1
13n_2038,3
13n_2039,1
13n_2040,2
13n_2041,1
13n_2042,1
13n_2043,1
13n_2044,1
13n_2045,1
13n_2046,2
13n_2047,1
13n_2048,3
13n_2049,2
13n_2050,1
13n_2052,1
13n_2053,1
13n_2054,2
13n_2055,0
13n_2056,1
13n_2057,1
13n_2058,1
13n_2059,2
13n_2060,1
13n_2061,2
13n_2062,3
13n_2063,1
13n_2064,1
13n_2065,2
13n_2066,1
13n_2067,1
13n_2068,1
13n_2069,0
13n_2070,1
13n_2071,1
13n_2072,1
13n_2073,1
13n_2074,2
13n_2075,2
13n_2076,1
13n_2078,1
13n_2079,1
13n_2080,1
13n_2081,1
13n_2082,0
13n_2083,1
13n_2084,1
13n_2085,1
13n_2086,1
13n_2087,1
13n_2088,1
13n_2089,2
13n_2090,1
13n_2091,1
13n_2092,2
13n_2093,1
13n_2094,1
13n_2095,2
13n_2096,1
13n_2097,1
13n_2098,1
13n_2099,2
13n_2100,1
13n_2101,2
13n_2102,3
13n_2104,2
13n_2105,1
13n_2106,2
13n_2107,1
13n_2108,1
13n_2109,2
13n_2110,3
13n_2111,2
13n_2112,1
13n_2113,3
13n_2114,3
13n_2115,1
13n_2116,1
13n_2117,1
13n_2118,1
13n_2119,1
13n_2120,2
13n_2121,2
13n_2122,1
13n_2123,2
13n_2124,1
13n_2125,2
13n_2126,2
13n_2127,1
13n_2128,2
13n_2130,3
13n_2131,2
13n_2132,3
13n_2133,2
13n_2134,1
13n_2135,1
13n_2136,2
13n_2137,1
13n_2138,0
13n_2139,1
13n_2140,1
13n_2141,2
13n_2142,2
13n_2143,1
13n_2144,3
13n_2145,1
13n_2146,2
13n_2147,1
13n_2148,1
13n_2149,1
13n_2150,1
13n_2151,1
13n_2152,1
13n_2153,1
13n_2154,2
13n_2156,1
13n_2157,2
13n_2158,0
13n_2159,2
13n_2160,1
13n_2161,1
13n_2162,1
13n_2163,2
13n_2164,1
13n_2165,1
13n_2166,3
13n_2167,2
13n_2168,1
13n_2169,0
13n_2170,1
13n_2171,3
13n_2172,2
13n_2173,0
13n_2174,1
13n_2175,1
13n_2176,1
13n_2177,1
13n_2178,2
13n_2179,3
13n_2180,1
13n_2182,1
13n_2183,2
13n_2184,1
13n_2185,1
13n_2186,1
13n_2187,1
13n_2188,1
13n_2189,1
13n_2190,2
13n_2191,1
13n_2192,4
13n_2193,1
13n_2194,2
13n_2195,2
13n_2196,3
13n_2197,2
13n_2198,0
13n_2199,0
13n_2200,3
13n_2201,1
13n_2202,1
13n_2203,2
13n_2204,3
13n_2205,1
13n_2206,1
13n_2208,1
13n_2209,0
13n_2210,1
13n_2211,2
13n_2212,1
13n_2213,2
13n_2214,1
13n_2215,1
13n_2216,1
13n_2217,1
13n_2218,1
13n_2219,3
13n_2220,2
13n_2221,1
13n_2222,1
13n_2223,1
13n_2224,1
13n_2225,1
13n_2226,1
13n_2227,1
13n_2228,1
13n_2229,1
13n_2230,1
13n_2231,1
13n_2232,1
13n_2234,3
13n_2235,2
13n_2236,1
13n_2237,1
13n_2238,1
13n_2239,2
13n_2240,1
13n_2241,1
13n_2242,2
13n_2243,1
13n_2244,1
13n_2245,1
13n_2246,1
13n_2247,1
13n_2248,1
13n_2249,1
13n_2250,1
13n_2251,1
13n_2252,2
13n_2253,2
13n_2254,1
13n_2255,1
13n_2256,1
13n_2257,1
13n_2258,1
13n_2260,2
13n_2261,1
13n_2262,1
13n_2263,1
13n_2264,1
13n_2265,1
13n_2266,1
13n_2267,1
13n_2268,1
13n_2269,1
13n_2270,2
13n_2271,2
13n_2272,2
13n_2273,1
13n_2274,1
13n_2275,0
13n_2276,1
13n_2277,0
13n_2278,1
13n_2279,1
13n_2280,1
13n_2281,3
13n_2282,1
13n_2283,1
13n_2284,1
13n_2286,1
13n_2287,2
13n_2288,2
13n_2289,2
13n_2290,0
13n_2291,1
13n_2292,2
13n_2293,1
13n_2294,2
13n_2295,1
13n_2296,1
13n_2297,1
13n_2298,3
13n_2299,1
13n_2300,0
13n_2301,1
13n_2302,2
13n_2303,1
13n_2304,1
13n_2305,2
13n_2306,3
13n_2307,4
13n_2308,1
13n_2309,2
13n_2310,1
13n_2312,2
13n_2313,1
13n_2314,1
13n_2315,1
13n_2316,1
13n_2317,2
13n_2318,3
13n_2319,1
13n_2320,2
13n_2321,1
13n_2322,1
13n_2323,1
13n_2324,1
13n_2325,1
13n_2326,1
13n_2327,1
13n_2328,1
13n_2329,1
13n_2330,1
13n_2331,1
13n_2332,1
13n_2333,1
13n_2334,2
13n_2335,2
13n_2336,1
13n_2338,1
13n_2339,1
13n_2340,1
13n_2341,1
13n_2342,0
13n_2343,1
13n_2344,1
13n_2345,2
13n_2346,2
13n_2347,1
13n_2348,1
13n_2349,1
13n_2350,1
13n_2351,1
13n_2352,1
13n_2353,2
13n_2354,4
13n_2355,2
13n_2356,3
13n_2357,2
13n_2358,3
13n_2359,1
13n_2360,1
13n_2361,1
13n_2362,2
13n_2364,3
13n_2365,2
13n_2366,1
13n_2367,1
13n_2368,3
13n_2369,2
13n_2370,1
13n_2371,2
13n_2372,1
13n_2373,1
13n_2374,3
13n_2375,2
13n_2376,0
13n_2377,1
13n_2378,1
13n_2379,2
13n_2380,1
13n_2381,1
13n_2382,1
13n_2383,1
13n_2384,1
13n_2385,2
13n_2386,1
13n_2387,1
13n_2388,1
13n_2390,4
13n_2391,3
13n_2392,3
13n_2393,2
13n_2394,3
13n_2395,2
13n_2396,1
13n_2397,2
13n_2398,1
13n_2399,2
13n_2400,0
13n_2401,0
13n_2402,2
13n_2403,2
13n_2404,3
13n_2405,5
13n_2406,3
13n_2407,2
13n_2408,1
13n_2409,4
13n_2410,1
13n_2411,1
13n_2412,2
13n_2413,2
13n_2414,1
13n_2416,1
13n_2417,3
13n_2418,2
13n_2419,2
13n_2420,3
13n_2421,1
13n_2422,2
13n_2423,2
13n_2424,1
13n_2425,1
13n_2426,1
13n_2427,1
13n_2428,3
13n_2429,1
13n_2430,1
13n_2431,1
13n_2432,1
13n_2433,1
13n_2434,2
13n_2435,1
13n_2436,1
13n_2437,3
13n_2438,1
13n_2439,1
13n_2440,1
13n_2442,2
13n_2443,2
13n_2444,1
13n_2445,0
13n_2446,1
13n_2447,1
13n_2448,1
13n_2449,2
13n_2450,2
13n_2451,0
13n_2452,3
13n_2453,1
13n_2454,1
13n_2455,1
13n_2456,1
13n_2457,1
13n_2458,1
13n_2459,1
13n_2460,2
13n_2461,2
13n_2462,2
13n_2463,1
13n_2464,1
13n_2465,3
13n_2466,0
13n_2468,2
13n_2469,1
13n_2470,2
13n_2471,1
13n_2472,1
13n_2473,1
13n_2474,2
13n_2475,1
13n_2476,1
13n_2477,1
13n_2478,1
13n_2479,2
13n_2480,1
13n_2481,2
13n_2482,1
13n_2483,1
13n_2484,1
13n_2485,1
13n_2486,1
13n_2487,1
13n_2488,1
13n_2489,1
13n_2490,2
13n_2491,2
13n_2492,3
13n_2494,1
13n_2495,1
13n_2496,[1;2]
13n_2497,1
13n_2498,1
13n_2499,1
13n_2500,1
13n_2501,2
13n_2502,1
13n_2503,1
13n_2504,1
13n_2505,1
13n_2506,1
13n_2507,1
13n_2508,1
13n_2509,1
13n_2510,1
13n_2511,1
13n_2512,1
13n_2513,1
13n_2514,3
13n_2515,1
13n_2516,1
13n_2517,1
13n_2518,2
13n_2520,0
13n_2521,1
13n_2522,1
13n_2523,1
13n_2524,1
13n_2525,1
13n_2526,2
13n_2527,1
13n_2528,1
13n_2529,1
13n_2530,1
13n_2531,1
13n_2532,2
13n_2533,1
13n_2534,1
13n_2535,1
13n_2536,1
13n_2537,1
13n_2538,1
13n_2539,1
13n_2540,2
13n_2541,1
13n_2542,1
13n_2543,1
13n_2544,2
13n_2546,1
13n_2547,1
13n_2548,1
13n_2549,1
13n_2550,2
13n_2551,1
13n_2552,1
13n_2553,1
13n_2554,1
13n_2555,2
13n_2556,1
13n_2557,2
13n_2558,1
13n_2559,1
13n_2560,2
13n_2561,3
13n_2562,1
13n_2563,2
13n_2564,1
13n_2565,3
13n_2566,2
13n_2567,1
13n_2568,1
13n_2569,2
13n_2570,1
13n_2572,1
13n_2573,1
13n_2574,1
13n_2575,1
13n_2576,2
13n_2577,1
13n_2578,3
13n_2579,1
13n_2580,2
13n_2581,3
13n_2582,1
13n_2583,1
13n_2584,2
13n_2585,1
13n_2586,2
13n_2587,2
13n_2588,1
13n_2589,1
13n_2590,1
13n_2591,1
13n_2592,1
13n_2593,1
13n_2594,1
13n_2595,2
13n_2596,1
13n_2598,1
13n_2599,1
13n_2600,1
13n_2601,3
13n_2602,1
13n_2603,1
13n_2604,2
13n_2605,2
13n_2606,2
13n_2607,2
13n_2608,3
13n_2609,2
13n_2610,1
13n_2611,1
13n_2612,2
13n_2613,1
13n_2614,1
13n_2615,1
13n_2616,1
13n_2617,1
13n_2618,1
13n_2619,1
13n_2620,1
13n_2621,2
13n_2622,1
13n_2624,0
13n_2625,1
13n_2626,1
13n_2627,2
13n_2628,2
13n_2629,1
13n_2630,1
13n_2631,1
13n_2632,1
13n_2633,1
13n_2634,1
13n_2635,1
13n_2636,1
13n_2637,1
13n_2638,1
13n_2639,1
13n_2640,1
13n_2641,1
13n_2642,1
13n_2643,1
13n_2644,2
13n_2645,1
13n_2646,1
13n_2647,1
13n_2648,1
13n_2650,1
13n_2651,1
13n_2652,0
13n_2653,1
13n_2654,1
13n_2655,1
13n_2656,0
13n_2657,2
13n_2658,1
13n_2659,1
13n_2660,1
13n_2661,1
13n_2662,1
13n_2663,1
13n_2664,1
13n_2665,2
13n_2666,2
13n_2667,1
13n_2668,0
13n_2669,1
13n_2670,1
13n_2671,1
13n_2672,2
13n_2673,2
13n_2674,2
13n_2676,1
13n_2677,2
13n_2678,2
13n_2679,1
13n_2680,1
13n_2681,2
13n_2682,1
13n_2683,1
13n_2684,1
13n_2685,2
13n_2686,0
13n_2687,1
13n_2688,1
13n_2689,2
13n_2690,1
13n_2691,2
13n_2692,1
13n_2693,1
13n_2694,1
13n_2695,1
13n_2696,1
13n_2697,2
13n_2698,2
13n_2699,2
13n_2700,1
13n_2702,1
13n_2703,1
13n_2704,1
13n_2705,1
13n_2706,1
13n_2707,1
13n_2708,4
13n_2709,3
13n_2710,4
13n_2711,3
13n_2712,1
13n_2713,1
13n_2714,4
13n_2715,1
13n_2716,1
13n_2717,2
13n_2718,1
13n_2719,1
13n_2720,1
13n_2721,2
13n_2722,1
13n_2723,1
13n_2724,1
13n_2725,4
13n_2726,3
13n_2728,1
13n_2729,2
13n_2730,1
13n_2731,2
13n_2732,3
13n_2733,2
13n_2734,1
13n_2735,1
13n_2736,2
13n_2737,2
13n_2738,2
13n_2739,1
13n_2740,2
13n_2741,1
13n_2742,0
13n_2743,1
13n_2744,0
13n_2745,1
13n_2746,1
13n_2747,0
13n_2748,1
13n_2749,1
13n_2750,1
13n_2751,1
13n_2752,1
13n_2754,1
13n_2755,1
13n_2756,3
13n_2757,1
13n_2758,1
13n_2759,1
13n_2760,1
13n_2761,1
13n_2762,1
13n_2763,1
13n_2764,1
13n_2765,1
13n_2766,1
13n_2767,1
13n_2768,1
13n_2769,1
13n_2770,2
13n_2771,1
13n_2772,1
13n_2773,1
13n_2774,1
13n_2775,1
13n_2776,1
13n_2777,1
13n_2778,1
13n_2780,1
13n_2781,1
13n_2782,1
13n_2783,1
13n_2784,1
13n_2785,2
13n_2786,1
13n_2787,0
13n_2788,1
13n_2789,2
13n_2790,3
13n_2791,1
13n_2792,1
13n_2793,1
13n_2794,1
13n_2795,1
13n_2796,1
13n_2797,1
13n_2798,1
13n_2799,1
13n_2800,1
13n_2801,0
13n_2802,1
13n_2803,3
13n_2804,2
13n_2806,1
13n_2807,1
13n_2808,1
13n_2809,2
13n_2810,2
13n_2811,2
13n_2812,1
13n_2813,2
13n_2814,2
13n_2815,1
13n_2816,1
13n_2817,1
13n_2818,3
13n_2819,2
13n_2820,1
13n_2821,1
13n_2822,1
13n_2823,1
13n_2824,2
13n_2825,1
13n_2826,2
13n_2827,1
13n_2828,1
13n_2829,1
13n_2830,2
13n_2832,1
13n_2833,2
13n_2834,1
13n_2835,1
13n_2836,1
13n_2837,1
13n_2838,1
13n_2839,1
13n_2840,1
13n_2841,1
13n_2842,1
13n_2843,1
13n_2844,1
13n_2845,2
13n_2846,1
13n_2847,1
13n_2848,3
13n_2849,2
13n_2850,1
13n_2851,1
13n_2852,1
13n_2853,1
13n_2854,2
13n_2855,1
13n_2856,2
13n_2858,2
13n_2859,2
13n_2860,1
13n_2861,1
13n_2862,2
13n_2863,1
13n_2864,1
13n_2865,1
13n_2866,1
13n_2867,1
13n_2868,1
13n_2869,1
13n_2870,1
13n_2871,1
13n_2872,1
13n_2873,1
13n_2874,1
13n_2875,1
13n_2876,1
13n_2877,1
13n_2878,1
13n_2879,2
13n_2880,1
13n_2881,2
13n_2882,2
13n_2884,2
13n_2885,0
13n_2886,3
13n_2887,1
13n_2888,1
13n_2889,1
13n_2890,1
13n_2891,1
13n_2892,1
13n_2893,1
13n_2894,1
13n_2895,1
13n_2896,3
13n_2897,4
13n_2898,2
13n_2899,3
13n_2900,2
13n_2901,3
13n_2902,1
13n_2903,3
13n_2904,2
13n_2905,1
13n_2906,2
13n_2907,2
13n_2908,1
13n_2910,1
13n_2911,2
13n_2912,2
13n_2913,2
13n_2914,1
13n_2915,1
13n_2916,2
13n_2917,3
13n_2918,4
13n_2919,1
13n_2920,4
13n_2921,3
13n_2922,2
13n_2923,1
13n_2924,1
13n_2925,1
13n_2926,1
13n_2927,0
13n_2928,1
13n_2929,1
13n_2930,1
13n_2931,1
13n_2932,1
13n_2933,1
13n_2934,0
13n_2936,1
13n_2937,1
13n_2938,1
13n_2939,2
13n_2940,0
13n_2941,4
13n_2942,1
13n_2943,1
13n_2944,3
13n_2945,1
13n_2946,1
13n_2947,2
13n_2948,1
13n_2949,1
13n_2950,0
13n_2951,0
13n_2952,2
13n_2953,1
13n_2954,0
13n_2955,1
13n_2956,1
13n_2957,1
13n_2958,3
13n_2959,4
13n_2960,1
13n_2962,3
13n_2963,2
13n_2964,0
13n_2965,1
13n_2966,1
13n_2967,1
13n_2968,1
13n_2969,1
13n_2970,1
13n_2971,0
13n_2972,3
13n_2973,2
13n_2974,[1;2]
13n_2975,0
13n_2976,1
13n_2977,1
13n_2978,3
13n_2979,1
13n_2980,1
13n_2981,1
13n_2982,2
13n_2983,2
13n_2984,1
13n_2985,1
13n_2986,1
13n_2988,4
13n_2989,1
13n_2990,2
13n_2991,1
13n_2992,1
13n_2993,2
13n_2994,1
13n_2995,1
13n_2996,1
13n_2997,1
13n_2998,2
13n_2999,4
13n_3000,3
13n_3001,2
13n_3002,1
13n_3003,3
13n_3004,2
13n_3005,2
13n_3006,3
13n_3007,3
13n_3008,3
13n_3009,1
13n_3010,2
13n_3011,2
13n_3012,3
13n_3014,1
13n_3015,2
13n_3016,1
13n_3017,1
13n_3018,1
13n_3019,3
13n_3020,3
13n_3021,2
13n_3022,3
13n_3023,1
13n_3024,1
13n_3025,2
13n_3026,3
13n_3027,1
13n_3028,1
13n_3029,2
13n_3030,2
13n_3031,1
13n_3032,1
13n_3033,2
13n_3034,3
13n_3035,1
13n_3036,1
13n_3037,3
13n_3038,2
13n_3040,1
13n_3041,1
13n_3042,2
13n_3043,1
13n_3044,1
13n_3045,1
13n_3046,1
13n_3047,1
13n_3048,2
13n_3049,1
13n_3050,1
13n_3051,1
13n_3052,2
13n_3053,3
13n_3054,4
13n_3055,2
13n_3056,1
13n_3057,1
13n_3058,0
13n_3059,1
13n_3060,2
13n_3061,3
13n_3062,1
13n_3063,1
13n_3064,2
13n_3066,2
13n_3067,0
13n_3068,1
13n_3069,2
13n_3070,2
13n_3071,3
13n_3072,1
13n_3073,1
13n_3074,0
13n_3075,1
13n_3076,2
13n_3077,1
13n_3078,1
13n_3079,4
13n_3080,1
13n_3081,1
13n_3082,3
13n_3083,1
13n_3084,0
13n_3085,2
13n_3086,3
13n_3087,1
13n_3088,1
13n_3089,1
13n_3090,1
13n_3092,0
13n_3093,1
13n_3094,2
13n_3095,1
13n_3096,1
13n_3097,3
13n_3098,1
13n_3099,2
13n_3100,3
13n_3101,1
13n_3102,1
13n_3103,1
13n_3104,1
13n_3105,1
13n_3106,2
13n_3107,1
13n_3108,1
13n_3109,2
13n_3110,0
13n_3111,4
13n_3112,3
13n_3113,1
13n_3114,3
13n_3115,2
13n_3116,1
13n_3118,2
13n_3119,2
13n_3120,1
13n_3121,2
13n_3122,1
13n_3123,1
13n_3124,2
13n_3125,1
13n_3126,1
13n_3127,1
13n_3128,1
13n_3129,2
13n_3130,1
13n_3131,1
13n_3132,2
13n_3133,3
13n_3134,1
13n_3135,1
13n_3136,2
13n_3137,4
13n_3138,3
13n_3139,2
13n_3140,1
13n_3141,1
13n_3142,0
13n_3144,1
13n_3145,2
13n_3146,1
13n_3147,1
13n_3148,1
13n_3149,1
13n_3150,3
13n_3151,1
13n_3152,1
13n_3153,1
13n_3154,2
13n_3155,1
13n_3156,1
13n_3157,1
13n_3158,0
13n_3159,1
13n_3160,1
13n_3161,1
13n_3162,0
13n_3163,1
13n_3164,1
13n_3165,1
13n_3166,3
13n_3167,2
13n_3168,4
13n_3170,1
13n_3171,1
13n_3172,2
13n_3173,0
13n_3174,2
13n_3175,1
13n_3176,1
13n_3177,2
13n_3178,1
13n_3179,2
13n_3180,1
13n_3181,1
13n_3182,1
13n_3183,1
13n_3184,1
13n_3185,1
13n_3186,1
13n_3187,1
13n_3188,1
13n_3189,1
13n_3190,1
13n_3191,2
13n_3192,1
13n_3193,1
13n_3194,0
13n_3196,2
13n_3197,1
13n_3198,1
13n_3199,2
13n_3200,2
13n_3201,1
13n_3202,1
13n_3203,2
13n_3204,2
13n_3205,1
13n_3206,3
13n_3207,1
13n_3208,1
13n_3209,1
13n_3210,3
13n_3211,1
13n_3212,3
13n_3213,1
13n_3214,2
13n_3215,1
13n_3216,1
13n_3217,2
13n_3218,1
13n_3219,2
13n_3220,1
13n_3222,1
13n_3223,1
13n_3224,3
13n_3225,1
13n_3226,1
13n_3227,1
13n_3228,1
13n_3229,1
13n_3230,1
13n_3231,2
13n_3232,1
13n_3233,1
13n_3234,1
13n_3235,1
13n_3236,1
13n_3237,1
13n_3238,1
13n_3239,2
13n_3240,1
13n_3241,1
13n_3242,1
13n_3243,1
13n_3244,2
13n_3245,1
13n_3246,0
13n_3248,1
13n_3249,1
13n_3250,1
13n_3251,2
13n_3252,1
13n_3253,2
13n_3254,2
13n_3255,1
13n_3256,3
13n_3257,2
13n_3258,1
13n_3259,1
13n_3260,2
13n_3261,2
13n_3262,1
13n_3263,2
13n_3264,1
13n_3265,1
13n_3266,1
13n_3267,3
13n_3268,2
13n_3269,1
13n_3270,1
13n_3271,2
13n_3272,0
13n_3274,2
13n_3275,1
13n_3276,2
13n_3277,1
13n_3278,1
13n_3279,1
13n_3280,2
13n_3281,1
13n_3282,1
13n_3283,1
13n_3284,1
13n_3285,1
13n_3286,1
13n_3287,1
13n_3288,1
13n_3289,1
13n_3290,1
13n_3291,1
13n_3292,2
13n_3293,4
13n_3294,2
13n_3295,1
13n_3296,1
13n_3297,2
13n_3298,1
13n_3300,1
13n_3301,1
13n_3302,2
13n_3303,3
13n_3304,1
13n_3305,1
13n_3306,1
13n_3307,2
13n_3308,1
13n_3309,1
13n_3310,1
13n_3311,2
13n_3312,1
13n_3313,1
13n_3314,3
13n_3315,1
13n_3316,1
13n_3317,1
13n_3318,1
13n_3319,2
13n_3320,1
13n_3321,1
13n_3322,1
13n_3323,1
13n_3324,1
13n_3326,2
13n_3327,1
13n_3328,1
13n_3329,2
13n_3330,1
13n_3331,1
13n_3332,1
13n_3333,1
13n_3334,1
13n_3335,3
13n_3336,1
13n_3337,3
13n_3338,1
13n_3339,2
13n_3340,1
13n_3341,2
13n_3342,1
13n_3343,1
13n_3344,1
13n_3345,1
13n_3346,1
13n_3347,1
13n_3348,1
13n_3349,2
13n_3350,3
13n_3352,1
13n_3353,1
13n_3354,4
13n_3355,3
13n_3356,2
13n_3357,1
13n_3358,1
13n_3359,2
13n_3360,1
13n_3361,1
13n_3362,1
13n_3363,2
13n_3364,3
13n_3365,2
13n_3366,1
13n_3367,1
13n_3368,1
13n_3369,2
13n_3370,1
13n_3371,1
13n_3372,1
13n_3373,1
13n_3374,1
13n_3375,2
13n_3376,1
13n_3378,1
13n_3379,2
13n_3380,2
13n_3381,1
13n_3382,1
13n_3383,2
13n_3384,1
13n_3385,1
13n_3386,2
13n_3387,1
13n_3388,1
13n_3389,1
13n_3390,3
13n_3391,2
13n_3392,1
13n_3393,2
13n_3394,2
13n_3395,1
13n_3396,1
13n_3397,1
13n_3398,2
13n_3399,1
13n_3400,1
13n_3401,4
13n_3402,1
13n_3404,4
13n_3405,0
13n_3406,4
13n_3407,1
13n_3408,0
13n_3409,4
13n_3410,1
13n_3411,1
13n_3412,1
13n_3413,1
13n_3414,1
13n_3415,1
13n_3416,1
13n_3417,1
13n_3418,2
13n_3419,1
13n_3420,1
13n_3421,1
13n_3422,2
13n_3423,1
13n_3424,1
13n_3425,1
13n_3426,2
13n_3427,1
13n_3428,1
13n_3430,2
13n_3431,2
13n_3432,3
13n_3433,1
13n_3434,1
13n_3435,1
13n_3436,0
13n_3437,1
13n_3438,2
13n_3439,1
13n_3440,1
13n_3441,1
13n_3442,1
13n_3443,2
13n_3444,1
13n_3445,1
13n_3446,2
13n_3447,1
13n_3448,1
13n_3449,1
13n_3450,1
13n_3451,1
13n_3452,1
13n_3453,1
13n_3454,2
13n_3456,1
13n_3457,0
13n_3458,1
13n_3459,1
13n_3460,1
13n_3461,1
13n_3462,2
13n_3463,1
13n_3464,1
13n_3465,1
13n_3466,1
13n_3467,2
13n_3468,2
13n_3469,1
13n_3470,1
13n_3471,1
13n_3472,1
13n_3473,0
13n_3474,1
13n_3475,1
13n_3476,1
13n_3477,1
13n_3478,2
13n_3479,1
13n_3480,3
13n_3482,0
13n_3483,1
13n_3484,3
13n_3485,1
13n_3486,1
13n_3487,1
13n_3488,1
13n_3489,3
13n_3490,3
13n_3491,2
13n_3492,2
13n_3493,3
13n_3494,2
13n_3495,3
13n_3496,1
13n_3497,1
13n_3498,1
13n_3499,4
13n_3500,3
13n_3501,2
13n_3502,3
13n_3503,1
13n_3504,2
13n_3505,1
13n_3506,1
13n_3508,2
13n_3509,1
13n_3510,0
13n_3511,2
13n_3512,1
13n_3513,0
13n_3514,1
13n_3515,2
13n_3516,1
13n_3517,0
13n_3518,2
13n_3519,3
13n_3520,2
13n_3521,1
13n_3522,[1;2]
13n_3523,0
13n_3524,1
13n_3525,2
13n_3526,1
13n_3527,3
13n_3528,4
13n_3529,1
13n_3530,1
13n_3531,1
13n_3532,3
13n_3534,1
13n_3535,0
13n_3536,2
13n_3537,1
13n_3538,1
13n_3539,1
13n_3540,1
13n_3541,1
13n_3542,1
13n_3543,2
13n_3544,1
13n_3545,0
13n_3546,2
13n_3547,1
13n_3548,1
13n_3549,1
13n_3550,1
13n_3551,4
13n_3552,3
13n_3553,1
13n_3554,1
13n_3555,1
13n_3556,1
13n_3557,0
13n_3558,1
13n_3560,2
13n_3561,2
13n_3562,1
13n_3563,1
13n_3564,1
13n_3565,1
13n_3566,4
13n_3567,[1;2]
13n_3568,1
13n_3569,3
13n_3570,2
13n_3571,0
13n_3572,2
13n_3573,1
13n_3574,1
13n_3575,0
13n_3576,3
13n_3577,1
13n_3578,1
13n_3579,1
13n_3580,1
13n_3581,2
13n_3582,1
13n_3583,1
13n_3584,2
13n_3586,1
13n_3587,3
13n_3588,3
13n_3589,2
13n_3590,1
13n_3591,1
13n_3592,1
13n_3593,2
13n_3594,0
13n_3595,1
13n_3596,1
13n_3597,1
13n_3598,1
13n_3599,1
13n_3600,1
13n_3601,2
13n_3602,1
13n_3603,3
13n_3604,2
13n_3605,1
13n_3606,1
13n_3607,1
13n_3608,3
13n_3609,2
13n_3610,1
13n_3612,1
13n_3613,1
13n_3614,1
13n_3615,1
13n_3616,[1;2]
13n_3617,0
13n_3618,1
13n_3619,2
13n_3620,1
13n_3621,1
13n_3622,1
13n_3623,1
13n_3624,0
13n_3625,1
13n_3626,1
13n_3627,2
13n_3628,1
13n_3629,2
13n_3630,1
13n_3631,1
13n_3632,2
13n_3633,3
13n_3634,2
13n_3635,3
13n_3636,1
13n_3638,2
13n_3639,2
13n_3640,1
13n_3641,1
13n_3642,4
13n_3643,3
13n_3644,1
13n_3645,2
13n_3646,1
13n_3647,2
13n_3648,2
13n_3649,1
13n_3650,2
13n_3651,1
13n_3652,1
13n_3653,2
13n_3654,2
13n_3655,3
13n_3656,1
13n_3657,1
13n_3658,1
13n_3659,2
13n_3660,1
13n_3661,1
13n_3662,1
13n_3664,1
13n_3665,1
13n_3666,2
13n_3667,1
13n_3668,2
13n_3669,1
13n_3670,1
13n_3671,3
13n_3672,1
13n_3673,3
13n_3674,1
13n_3675,2
13n_3676,2
13n_3677,1
13n_3678,1
13n_3679,1
13n_3680,3
13n_3681,1
13n_3682,1
13n_3683,3
13n_3684,1
13n_3685,2
13n_3686,3
13n_3687,1
13n_3688,1
13n_3690,1
13n_3691,2
13n_3692,2
13n_3693,1
13n_3694,1
13n_3695,2
13n_3696,3
13n_3697,2
13n_3698,2
13n_3699,1
13n_3700,1
13n_3701,2
13n_3702,0
13n_3703,1
13n_3704,1
13n_3705,1
13n_3706,1
13n_3707,3
13n_3708,1
13n_3709,2
13n_3710,2
13n_3711,3
13n_3712,2
13n_3713,2
13n_3714,1
13n_3716,1
13n_3717,1
13n_3718,2
13n_3719,1
13n_3720,2
13n_3721,1
13n_3722,1
13n_3723,1
13n_3724,1
13n_3725,0
13n_3726,0
13n_3727,1
13n_3728,1
13n_3729,2
13n_3730,1
13n_3731,1
13n_3732,3
13n_3733,2
13n_3734,3
13n_3735,2
13n_3736,1
13n_3737,4
13n_3738,4
13n_3739,2
13n_3740,3
13n_3742,3
13n_3743,2
13n_3744,1
13n_3745,2
13n_3746,3
13n_3747,1
13n_3748,3
13n_3749,2
13n_3750,1
13n_3751,1
13n_3752,1
13n_3753,2
13n_3754,3
13n_3755,1
13n_3756,3
13n_3757,2
13n_3758,1
13n_3759,2
13n_3760,1
13n_3761,2
13n_3762,1
13n_3763,4
13n_3764,1
13n_3765,1
13n_3766,2
13n_3768,1
13n_3769,1
13n_3770,2
13n_3771,3
13n_3772,1
13n_3773,3
13n_3774,2
13n_3775,1
13n_3776,2
13n_3777,3
13n_3778,1
13n_3779,3
13n_3780,2
13n_3781,1
13n_3782,1
13n_3783,1
13n_3784,3
13n_3785,2
13n_3786,2
13n_3787,1
13n_3788,1
13n_3789,1
13n_3790,1
13n_3791,1
13n_3792,1
13n_3794,1
13n_3795,1
13n_3796,1
13n_3797,1
13n_3798,1
13n_3799,3
13n_3800,0
13n_3801,1
13n_3802,1
13n_3803,0
13n_3804,1
13n_3805,2
13n_3806,1
13n_3807,1
13n_3808,2
13n_3809,1
13n_3810,2
13n_3811,2
13n_3812,1
13n_3813,1
13n_3814,2
13n_3815,3
13n_3816,1
13n_3817,2
13n_3818,2
13n_3820,1
13n_3821,1
13n_3822,1
13n_3823,1
13n_3824,1
13n_3825,1
13n_3826,1
13n_3827,1
13n_3828,1
13n_3829,2
13n_3830,0
13n_3831,2
13n_3832,1
13n_3833,1
13n_3834,1
13n_3835,1
13n_3836,1
13n_3837,4
13n_3838,4
13n_3839,1
13n_3840,2
13n_3841,4
13n_3842,[1;2]
13n_3843,1
13n_3844,1
13n_3846,1
13n_3847,0
13n_3848,1
13n_3849,1
13n_3850,1
13n_3851,1
13n_3852,1
13n_3853,2
13n_3854,3
13n_3855,1
13n_3856,1
13n_3857,1
13n_3858,1
13n_3859,1
13n_3860,1
13n_3861,1
13n_3862,1
13n_3863,1
13n_3864,1
13n_3865,0
13n_3866,2
13n_3867,3
13n_3868,1
13n_3869,2
13n_3870,1
13n_3872,[0;1]
13n_3873,1
13n_3874,1
13n_3875,3
13n_3876,3
13n_3877,2
13n_3878,1
13n_3879,2
13n_3880,2
13n_3881,2
13n_3882,1
13n_3883,1
13n_3884,1
13n_3885,1
13n_3886,1
13n_3887,1
13n_3888,0
13n_3889,1
13n_3890,2
13n_3891,3
13n_3892,1
13n_3893,1
13n_3894,1
13n_3895,1
13n_3896,1
13n_3898,1
13n_3899,1
13n_3900,0
13n_3901,1
13n_3902,1
13n_3903,2
13n_3904,0
13n_3905,0
13n_3906,2
13n_3907,1
13n_3908,1
13n_3909,1
13n_3910,4
13n_3911,3
13n_3912,1
13n_3913,2
13n_3914,3
13n_3915,2
13n_3916,1
13n_3917,2
13n_3918,1
13n_3919,1
13n_3920,1
13n_3921,1
13n_3922,2
13n_3924,1
13n_3925,1
13n_3926,0
13n_3927,1
13n_3928,1
13n_3929,1
13n_3930,2
13n_3931,1
13n_3932,0
13n_3933,1
13n_3934,0
13n_3935,1
13n_3936,[0;1]
13n_3937,1
13n_3938,0
13n_3939,1
13n_3940,1
13n_3941,1
13n_3942,2
13n_3943,3
13n_3944,1
13n_3945,2
13n_3946,3
13n_3947,2
13n_3948,2
13n_3950,1
13n_3951,1
13n_3952,1
13n_3953,1
13n_3954,2
13n_3955,1
13n_3956,1
13n_3957,1
13n_3958,1
13n_3959,1
13n_3960,3
13n_3961,2
13n_3962,1
13n_3963,1
13n_3964,3
13n_3965,2
13n_3966,1
13n_3967,1
13n_3968,1
13n_3969,1
13n_3970,1
13n_3971,1
13n_3972,1
13n_3973,1
13n_3974,1
13n_3976,1
13n_3977,1
13n_3978,2
13n_3979,1
13n_3980,1
13n_3981,1
13n_3982,1
13n_3983,1
13n_3984,1
13n_3985,1
13n_3986,1
13n_3987,1
13n_3988,1
13n_3989,1
13n_3990,2
13n_3991,1
13n_3992,3
13n_3993,2
13n_3994,2
13n_3995,2
13n_3996,0
13n_3997,1
13n_3998,2
13n_3999,1
13n_4000,1
13n_4002,1
13n_4003,1
13n_4004,1
13n_4005,0
13n_4006,1
13n_4007,1
13n_4008,1
13n_4009,1
13n_4010,1
13n_4011,1
13n_4012,1
13n_4013,3
13n_4014,1
13n_4015,1
13n_4016,1
13n_4017,1
13n_4018,2
13n_4019,1
13n_4020,1
13n_4021,1
13n_4022,2
13n_4023,1
13n_4024,2
13n_4025,1
13n_4026,1
13n_4028,1
13n_4029,2
13n_4030,1
13n_4031,2
13n_4032,1
13n_4033,2
13n_4034,1
13n_4035,1
13n_4036,1
13n_4037,1
13n_4038,3
13n_4039,2
13n_4040,1
13n_4041,1
13n_4042,1
13n_4043,1
13n_4044,1
13n_4045,1
13n_4046,1
13n_4047,2
13n_4048,1
13n_4049,1
13n_4050,2
13n_4051,3
13n_4052,2
13n_4054,1
13n_4055,2
13n_4056,1
13n_4057,1
13n_4058,1
13n_4059,2
13n_4060,1
13n_4061,1
13n_4062,1
13n_4063,1
13n_4064,1
13n_4065,1
13n_4066,2
13n_4067,1
13n_4068,1
13n_4069,1
13n_4070,1
13n_4071,2
13n_4072,2
13n_4073,1
13n_4074,1
13n_4075,1
13n_4076,1
13n_4077,1
13n_4078,1
13n_4080,1
13n_4081,1
13n_4082,1
13n_4083,1
13n_4084,2
13n_4085,2
13n_4086,1
13n_4087,2
13n_4088,2
13n_4089,1
13n_4090,1
13n_4091,2
13n_4092,1
13n_4093,1
13n_4094,1
13n_4095,1
13n_4096,1
13n_4097,1
13n_4098,1
13n_4099,1
13n_4100,1
13n_4101,3
13n_4102,1
13n_4103,2
13n_4104,1
13n_4106,1
13n_4107,1
13n_4108,2
13n_4109,2
13n_4110,1
13n_4111,1
13n_4112,1
13n_4113,1
13n_4114,1
13n_4115,1
13n_4116,3
13n_4117,1
13n_4118,1
13n_4119,1
13n_4120,1
13n_4121,1
13n_4122,0
13n_4123,1
13n_4124,3
13n_4125,2
13n_4126,1
13n_4127,2
13n_4128,2
13n_4129,1
13n_4130,2
13n_4132,1
13n_4133,2
13n_4134,1
13n_4135,1
13n_4136,1
13n_4137,1
13n_4138,3
13n_4139,1
13n_4140,0
13n_4141,2
13n_4142,1
13n_4143,3
13n_4144,1
13n_4145,1
13n_4146,1
13n_4147,1
13n_4148,1
13n_4149,1
13n_4150,0
13n_4151,1
13n_4152,1
13n_4153,2
13n_4154,1
13n_4155,1
13n_4156,1
13n_4158,1
13n_4159,2
13n_4160,2
13n_4161,1
13n_4162,1
13n_4163,1
13n_4164,1
13n_4165,1
13n_4166,2
13n_4167,1
13n_4168,3
13n_4169,1
13n_4170,2
13n_4171,1
13n_4172,1
13n_4173,1
13n_4174,3
13n_4175,1
13n_4176,1
13n_4177,1
13n_4178,4
13n_4179,2
13n_4180,2
13n_4181,1
13n_4182,1
13n_4184,1
13n_4185,2
13n_4186,1
13n_4187,3
13n_4188,0
13n_4189,1
13n_4190,2
13n_4191,1
13n_4192,1
13n_4193,1
13n_4194,1
13n_4195,2
13n_4196,2
13n_4197,2
13n_4198,1
13n_4199,1
13n_4200,2
13n_4201,1
13n_4202,3
13n_4203,1
13n_4204,1
13n_4205,3
13n_4206,1
13n_4207,2
13n_4208,1
13n_4210,1
13n_4211,2
13n_4212,2
13n_4213,2
13n_4214,1
13n_4215,1
13n_4216,1
13n_4217,1
13n_4218,1
13n_4219,2
13n_4220,2
13n_4221,1
13n_4222,2
13n_4223,2
13n_4224,1
13n_4225,1
13n_4226,1
13n_4227,1
13n_4228,3
13n_4229,2
13n_4230,2
13n_4231,1
13n_4232,1
13n_4233,1
13n_4234,2
13n_4236,0
13n_4237,1
13n_4238,1
13n_4239,1
13n_4240,1
13n_4241,1
13n_4242,4
13n_4243,2
13n_4244,3
13n_4245,2
13n_4246,2
13n_4247,1
13n_4248,3
13n_4249,3
13n_4250,2
13n_4251,2
13n_4252,1
13n_4253,2
13n_4254,3
13n_4255,1
13n_4256,3
13n_4257,1
13n_4258,1
13n_4259,1
13n_4260,1
13n_4262,1
13n_4263,1
13n_4264,1
13n_4265,3
13n_4266,2
13n_4267,1
13n_4268,2
13n_4269,1
13n_4270,1
13n_4271,1
13n_4272,1
13n_4273,1
13n_4274,1
13n_4275,1
13n_4276,2
13n_4277,2
13n_4278,1
13n_4279,1
13n_4280,1
13n_4281,2
13n_4282,1
13n_4283,1
13n_4284,1
13n_4285,1
13n_4286,1
13n_4288,1
13n_4289,1
13n_4290,1
13n_4291,2
13n_4292,1
13n_4293,1
13n_4294,1
13n_4295,0
13n_4296,3
13n_4297,1
13n_4298,0
13n_4299,1
13n_4300,1
13n_4301,1
13n_4302,0
13n_4303,2
13n_4304,1
13n_4305,1
13n_4306,1
13n_4307,1
13n_4308,1
13n_4309,1
13n_4310,2
13n_4311,1
13n_4312,1
13n_4314,2
13n_4315,1
13n_4316,1
13n_4317,1
13n_4318,1
13n_4319,1
13n_4320,1
13n_4321,2
13n_4322,2
13n_4323,1
13n_4324,1
13n_4325,1
13n_4326,1
13n_4327,2
13n_4328,0
13n_4329,1
13n_4330,1
13n_4331,1
13n_4332,1
13n_4333,1
13n_4334,1
13n_4335,1
13n_4336,1
13n_4337,1
13n_4338,1
13n_4340,2
13n_4341,1
13n_4342,1
13n_4343,1
13n_4344,1
13n_4345,1
13n_4346,1
13n_4347,1
13n_4348,1
13n_4349,1
13n_4350,1
13n_4351,1
13n_4352,2
13n_4353,2
13n_4354,1
13n_4355,1
13n_4356,1
13n_4357,1
13n_4358,1
13n_4359,2
13n_4360,2
13n_4361,4
13n_4362,3
13n_4363,3
13n_4364,2
13n_4366,1
13n_4367,1
13n_4368,3
13n_4369,1
13n_4370,1
13n_4371,1
13n_4372,1
13n_4373,1
13n_4374,3
13n_4375,2
13n_4376,1
13n_4377,2
13n_4378,1
13n_4379,1
13n_4380,2
13n_4381,2
13n_4382,1
13n_4383,2
13n_4384,0
13n_4385,4
13n_4386,2
13n_4387,1
13n_4388,1
13n_4389,2
13n_4390,1
13n_4392,1
13n_4393,2
13n_4394,3
13n_4395,1
13n_4396,1
13n_4397,2
13n_4398,2
13n_4399,2
13n_4400,0
13n_4401,2
13n_4402,1
13n_4403,2
13n_4404,2
13n_4405,2
13n_4406,1
13n_4407,2
13n_4408,3
13n_4409,0
13n_4410,1
13n_4411,2
13n_4412,1
13n_4413,1
13n_4414,1
13n_4415,2
13n_4416,1
13n_4418,3
13n_4419,1
13n_4420,1
13n_4421,1
13n_4422,2
13n_4423,1
13n_4424,1
13n_4425,1
13n_4426,1
13n_4427,1
13n_4428,1
13n_4429,3
13n_4430,1
13n_4431,1
13n_4432,2
13n_4433,1
13n_4434,1
13n_4435,2
13n_4436,1
13n_4437,1
13n_4438,2
13n_4439,1
13n_4440,3
13n_4441,2
13n_4442,1
13n_4444,2
13n_4445,1
13n_4446,1
13n_4447,1
13n_4448,1
13n_4449,1
13n_4450,1
13n_4451,1
13n_4452,1
13n_4453,1
13n_4454,1
13n_4455,2
13n_4456,2
13n_4457,1
13n_4458,1
13n_4459,1
13n_4460,2
13n_4461,1
13n_4462,1
13n_4463,1
13n_4464,2
13n_4465,1
13n_4466,1
13n_4467,1
13n_4468,1
13n_4470,1
13n_4471,1
13n_4472,0
13n_4473,2
13n_4474,0
13n_4475,1
13n_4476,1
13n_4477,1
13n_4478,1
13n_4479,1
13n_4480,2
13n_4481,1
13n_4482,1
13n_4483,1
13n_4484,1
13n_4485,2
13n_4486,1
13n_4487,2
13n_4488,1
13n_4489,1
13n_4490,2
13n_4491,1
13n_4492,1
13n_4493,2
13n_4494,1
13n_4496,1
13n_4497,2
13n_4498,1
13n_4499,1
13n_4500,1
13n_4501,2
13n_4502,3
13n_4503,2
13n_4504,2
13n_4505,3
13n_4506,2
13n_4507,1
13n_4508,2
13n_4509,1
13n_4510,1
13n_4511,2
13n_4512,1
13n_4513,0
13n_4514,0
13n_4515,1
13n_4516,2
13n_4517,1
13n_4518,1
13n_4519,1
13n_4520,2
13n_4522,1
13n_4523,1
13n_4524,2
13n_4525,1
13n_4526,2
13n_4527,1
13n_4528,1
13n_4529,2
13n_4530,1
13n_4531,1
13n_4532,1
13n_4533,1
13n_4534,1
13n_4535,1
13n_4536,1
13n_4537,1
13n_4538,2
13n_4539,1
13n_4540,1
13n_4541,1
13n_4542,1
13n_4543,1
13n_4544,2
13n_4545,1
13n_4546,1
13n_4548,1
13n_4549,1
13n_4550,1
13n_4551,1
13n_4552,1
13n_4553,1
13n_4554,1
13n_4555,1
13n_4556,1
13n_4557,1
13n_4558,1
13n_4559,2
13n_4560,3
13n_4561,2
13n_4562,1
13n_4563,2
13n_4564,1
13n_4565,2
13n_4566,0
13n_4567,1
13n_4568,2
13n_4569,4
13n_4570,1
13n_4571,1
13n_4572,1
13n_4574,1
13n_4575,1
13n_4576,1
13n_4577,1
13n_4578,1
13n_4579,3
13n_4580,2
13n_4581,1
13n_4582,[0;1]
13n_4583,0
13n_4584,2
13n_4585,1
13n_4586,1
13n_4587,5
13n_4588,1
13n_4589,4
13n_4590,1
13n_4591,0
13n_4592,2
13n_4593,1
13n_4594,1
13n_4595,1
13n_4596,2
13n_4597,1
13n_4598,1
13n_4600,1
13n_4601,1
13n_4602,1
13n_4603,2
13n_4604,1
13n_4605,1
13n_4606,2
13n_4607,1
13n_4608,2
13n_4609,2
13n_4610,1
13n_4611,1
13n_4612,2
13n_4613,3
13n_4614,2
13n_4615,2
13n_4616,1
13n_4617,3
13n_4618,1
13n_4619,2
13n_4620,1
13n_4621,0
13n_4622,2
13n_4623,2
13n_4624,1
13n_4626,1
13n_4627,1
13n_4628,1
13n_4629,1
13n_4630,1
13n_4631,2
13n_4632,1
13n_4633,3
13n_4634,1
13n_4635,4
13n_4636,2
13n_4637,2
13n_4638,1
13n_4639,4
13n_4640,2
13n_4641,3
13n_4642,1
13n_4643,1
13n_4644,1
13n_4645,1
13n_4646,1
13n_4647,1
13n_4648,2
13n_4649,1
13n_4650,1
13n_4652,1
13n_4653,2
13n_4654,2
13n_4655,1
13n_4656,1
13n_4657,1
13n_4658,2
13n_4659,0
13n_4660,1
13n_4661,2
13n_4662,1
13n_4663,1
13n_4664,1
13n_4665,1
13n_4666,1
13n_4667,1
13n_4668,2
13n_4669,1
13n_4670,1
13n_4671,1
13n_4672,2
13n_4673,1
13n_4674,1
13n_4675,1
13n_4676,1
13n_4678,1
13n_4679,2
13n_4680,1
13n_4681,2
13n_4682,1
13n_4683,2
13n_4684,3
13n_4685,1
13n_4686,2
13n_4687,2
13n_4688,1
13n_4689,1
13n_4690,1
13n_4691,2
13n_4692,1
13n_4693,1
13n_4694,2
13n_4695,2
13n_4696,2
13n_4697,1
13n_4698,1
13n_4699,1
13n_4700,2
13n_4701,1
13n_4702,1
13n_4704,1
13n_4705,3
13n_4706,1
13n_4707,1
13n_4708,2
13n_4709,1
13n_4710,1
13n_4711,2
13n_4712,2
13n_4713,1
13n_4714,2
13n_4715,1
13n_4716,1
13n_4717,1
13n_4718,2
13n_4719,1
13n_4720,[1;2]
13n_4721,2
13n_4722,3
13n_4723,1
13n_4724,1
13n_4725,2
13n_4726,1
13n_4727,1
13n_4728,2
13n_4730,1
13n_4731,2
13n_4732,0
13n_4733,1
13n_4734,1
13n_4735,2
13n_4736,1
13n_4737,1
13n_4738,2
13n_4739,1
13n_4740,2
13n_4741,1
13n_4742,3
13n_4743,1
13n_4744,2
13n_4745,2
13n_4746,1
13n_4747,2
13n_4748,1
13n_4749,2
13n_4750,1
13n_4751,3
13n_4752,2
13n_4753,1
13n_4754,1
13n_4756,1
13n_4757,2
13n_4758,1
13n_4759,2
13n_4760,2
13n_4761,2
13n_4762,1
13n_4763,2
13n_4764,1
13n_4765,1
13n_4766,2
13n_4767,1
13n_4768,1
13n_4769,1
13n_4770,1
13n_4771,1
13n_4772,1
13n_4773,1
13n_4774,2
13n_4775,1
13n_4776,2
13n_4777,1
13n_4778,1
13n_4779,2
13n_4780,1
13n_4782,2
13n_4783,2
13n_4784,1
13n_4785,2
13n_4786,1
13n_4787,1
13n_4788,1
13n_4789,4
13n_4790,3
13n_4791,2
13n_4792,1
13n_4793,2
13n_4794,3
13n_4795,2
13n_4796,1
13n_4797,3
13n_4798,1
13n_4799,1
13n_4800,2
13n_4801,0
13n_4802,1
13n_4803,1
13n_4804,4
13n_4805,2
13n_4806,3
13n_4808,1
13n_4809,1
13n_4810,2
13n_4811,1
13n_4812,2
13n_4813,1
13n_4814,1
13n_4815,1
13n_4816,1
13n_4817,3
13n_4818,3
13n_4819,3
13n_4820,2
13n_4821,2
13n_4822,3
13n_4823,3
13n_4824,1
13n_4825,3
13n_4826,2
13n_4827,1
13n_4828,1
13n_4829,1
13n_4830,1
13n_4831,1
13n_4832,1
13n_4834,1
13n_4835,1
13n_4836,2
13n_4837,2
13n_4838,2
13n_4839,1
13n_4840,1
13n_4841,2
13n_4842,1
13n_4843,1
13n_4844,2
13n_4845,2
13n_4846,1
13n_4847,1
13n_4848,1
13n_4849,1
13n_4850,1
13n_4851,1
13n_4852,1
13n_4853,1
13n_4854,1
13n_4855,1
13n_4856,1
13n_4857,1
13n_4858,1
13n_4860,1
13n_4861,1
13n_4862,1
13n_4863,1
13n_4864,1
13n_4865,2
13n_4866,2
13n_4867,2
13n_4868,2
13n_4869,1
13n_4870,1
13n_4871,1
13n_4872,1
13n_4873,1
13n_4874,1
13n_4875,3
13n_4876,4
13n_4877,3
13n_4878,1
13n_4879,2
13n_4880,1
13n_4881,2
13n_4882,1
13n_4883,3
13n_4884,2
13n_4886,1
13n_4887,1
13n_4888,3
13n_4889,1
13n_4890,2
13n_4891,1
13n_4892,1
13n_4893,1
13n_4894,3
13n_4895,1
13n_4896,1
13n_4897,2
13n_4898,1
13n_4899,1
13n_4900,3
13n_4901,1
13n_4902,2
13n_4903,2
13n_4904,1
13n_4905,1
13n_4906,2
13n_4907,2
13n_4908,4
13n_4909,1
13n_4910,2
13n_4912,1
13n_4913,1
13n_4914,1
13n_4915,2
13n_4916,1
13n_4917,1
13n_4918,2
13n_4919,1
13n_4920,1
13n_4921,2
13n_4922,1
13n_4923,1
13n_4924,1
13n_4925,1
13n_4926,1
13n_4927,2
13n_4928,1
13n_4929,2
13n_4930,2
13n_4931,2
13n_4932,1
13n_4933,1
13n_4934,1
13n_4935,1
13n_4936,1
13n_4938,1
13n_4939,1
13n_4940,1
13n_4941,2
13n_4942,1
13n_4943,4
13n_4944,2
13n_4945,2
13n_4946,3
13n_4947,1
13n_4948,1
13n_4949,3
13n_4950,2
13n_4951,2
13n_4952,2
13n_4953,1
13n_4954,2
13n_4955,1
13n_4956,1
13n_4957,1
13n_4958,1
13n_4959,1
13n_4960,2
13n_4961,1
13n_4962,1
13n_4964,2
13n_4965,2
13n_4966,1
13n_4967,2
13n_4968,1
13n_4969,3
13n_4970,4
13n_4971,3
13n_4972,3
13n_4973,4
13n_4974,2
13n_4975,2
13n_4976,1
13n_4977,2
13n_4978,1
13n_4979,1
13n_4980,1
13n_4981,1
13n_4982,1
13n_4983,2
13n_4984,1
13n_4985,2
13n_4986,1
13n_4987,1
13n_4988,2
13n_4990,2
13n_4991,4
13n_4992,3
13n_4993,2
13n_4994,3
13n_4995,1
13n_4996,2
13n_4997,1
13n_4998,3
13n_4999,1
13n_5000,1
13n_5001,1
13n_5002,1
13n_5003,1
13n_5004,0
13n_5005,1
13n_5006,1
13n_5007,2
13n_5008,2
13n_5009,1
13n_5010,1
13n_5011,2
13n_5012,1
13n_5013,3
13n_5014,2
13n_5016,5
13n_5017,1
13n_5018,2
13n_5019,1
13n_5020,3
13n_5021,1
13n_5022,1
13n_5023,4
13n_5024,2
13n_5025,3
13n_5026,1
13n_5027,3
13n_5028,1
13n_5029,1
13n_5030,1
13n_5031,0
13n_5032,1
13n_5033,1
13n_5034,2
13n_5035,1
13n_5036,1
13n_5037,3
13n_5038,1
13n_5039,1
13n_5040,1
13n_5042,1
13n_5043,4
13n_5044,1
13n_5045,2
13n_5046,3
13n_5047,1
13n_5048,1
13n_5049,3
13n_5050,3
13n_5051,2
13n_5052,2
13n_5053,1
13n_5054,2
13n_5055,2
13n_5056,2
13n_5057,1
13n_5058,1
13n_5059,2
13n_5060,1
13n_5061,2
13n_5062,1
13n_5063,3
13n_5064,4
13n_5065,2
13n_5066,1
13n_5068,1
13n_5069,1
13n_5070,1
13n_5071,3
13n_5072,2
13n_5073,1
13n_5074,2
13n_5075,3
13n_5076,2
13n_5077,2
13n_5078,1
13n_5079,1
13n_5080,3
13n_5081,1
13n_5082,1
13n_5083,2
13n_5084,1
13n_5085,1
13n_5086,1
13n_5087,2
13n_5088,1
13n_5089,1
13n_5090,0
13n_5091,1
13n_5092,0
13n_5094,3
13n_5095,3
13n_5096,2
13n_5097,1
13n_5098,3
13n_5099,1
13n_5100,1
13n_5101,2
13n_5102,4
13n_5103,3
13n_5104,2
13n_5105,2
13n_5106,4
13n_5107,2
13n_5108,2
13n_5109,1
13n_5110,1